"Table Name","Entity.Physical.TEAM_NAME","Column Name","Attribute.Physical.COLUMN_TRANSFORM_LOGIC","Attribute.Physical.INCLUDE_IN_HASHDIFF","Attribute.Physical.SPI_CLASSIFICATION","Column Data_Type","DS Comment","Data Source Column/Data Movement Column Name","Data Source Column/Data Movement Column Physical_Data_Type","Data Source Table/Data Movement Table Name","Data Source Object Name","Data Source Object Data_Source_Import_Type","Data Source Object Data_Source_Server","Data Source Object Data_Source_System","Data Source Object Data_Source_Type"
LNK_POLICY_HAS_POLICY_TRANSACTION,core,POLICY_HK,Foreign key.,TRUE,Confidential,BINARY(),MD5 of source,POLICYNUMBER,VARCHAR(16777216),POLICY,PEAK_POLICY_CONFORMED,,WH_DBTVAULT_1,PEAK_POLICY_CONFORMED,Relational
LNK_POLICY_HAS_POLICY_TRANSACTION,core,POLICY_TRANSACTION_HK,,TRUE,Confidential,BINARY(16),MD5 of source,POLICYREADONLYHISTORYID,VARCHAR(16777216),TRANSACTION,PEAK_POLICY_CONFORMED,,WH_DBTVAULT_1,PEAK_POLICY_CONFORMED,Relational
LNK_POLICY_HAS_POLICY_TRANSACTION,core,LOAD_TIMESTAMP,CURRENT_TIMESTAMP(),TRUE,Confidential,TIMESTAMP,Set to system date and time at load.,,,,,,,,
LNK_POLICY_HAS_POLICY_TRANSACTION,core,RECORD_SOURCE,'PEAK',TRUE,Confidential,VARCHAR(100),'PEAK',,,,,,,,
LNK_POLICY_HAS_POLICY_TRANSACTION,core,POLICY_HAS_POLICY_TRANSACTION_HK,,TRUE,Confidential,BINARY(16),"MD5 Checksum of TRANSACTION_HK, POLICY_HK",POLICYREADONLYHISTORYID,VARCHAR(16777216),TRANSACTION,PEAK_POLICY_CONFORMED,,WH_DBTVAULT_1,PEAK_POLICY_CONFORMED,Relational
LNK_POLICY_HAS_POLICY_TRANSACTION,core,POLICY_HAS_POLICY_TRANSACTION_HK,,TRUE,Confidential,BINARY(16),"MD5 Checksum of TRANSACTION_HK, POLICY_HK",POLICY_NUMBER,VARCHAR(16777216),POLICY,PEAK_POLICY_CONFORMED,,WH_DBTVAULT_1,PEAK_POLICY_CONFORMED,Relational
HUB_POLICY_TRANSACTION,core,LOAD_TIMESTAMP,CURRENT_TIMESTAMP(),TRUE,Confidential,TIMESTAMP,Set to system date and time at load.,,,,,,,,
HUB_POLICY_TRANSACTION,core,RECORD_SOURCE,'PEAK',TRUE,Confidential,VARCHAR(100),'PEAK',,,,,,,,
HUB_POLICY_TRANSACTION,core,POLICY_TRANSACTION_HK,,TRUE,Confidential,BINARY(16),MD5 checksum of TRANSACTION_NK.,,,,,,,,
HUB_POLICY_TRANSACTION,core,POLICY_TRANSACTION_NK,"WITH CTE1 AS (
SELECT DISTINCT POLICYREADONLYHISTORYID AS TRANSACTION_NK
, POLICYREADONLYHISTORYID
, HISTORYID::STRING AS HISTORYID
, PREVIOUSHISTORYID::STRING AS PREVIOUSHISTORYID
, POLICY_NUMBER
, INCLUDEDELETED, PRODUCTKIND, RETRIEVEPOLICY_ID, DATA_ID, POLICYADMIN_ID, TRANSACTIONS_ID, TRANSACTION_ID
, CHARGE, COMMITFAILURE,COMMITSTATUS, CONVERTEDTRANSACTIONTYPE,CREATEDDATE, CREATEDUSER
, DEPRECATEDBY, DESTINATIONPOLICYID
, EFFECTIVEDATE, EXPIRATIONDATE
, GLOBALBUSINESSPROCESSID
, ISOUTOFSEQUENCE, ISSUEDDATE, ISSUEDUSERNAME, ISVISIBLETOCUSTOMER
, NEWPREMIUM
, OFFSETDATE, ONSETBY, ORIGINALCHARGE, ORIGINALEFFECTIVEDATE, ORIGINALID
, POLICYMANUSCRIPTID, POLICYNUMBER, POLICYSTATUS, PRIORPREMIUM, PRODUCT, PRODUCTISREADONLY, PRORATEFACTOR
, QUOTETYPE
, RATINGACTIVITYID, REPLACEMENTID, REVISIONOF, SCHEDULEDATE,SHORTRATEFACTOR
, SOURCEPOLICYID, STATE, STATUS, STATUSUSER, STATUSUSERCONTEXT
, TERMEFFECTIVEDATE, TERMPREMIUM, TRANSACTIONDATE, TYPE, TYPECAPTION
, WAIVECHARGECHECK, RAW_OP_TYPE
, CONFORMED_INGESTION_TS, CONFORMED_DIGEST
FROM {{ source('PEAK_POLICY_CONFORMED', 'TRANSACTION') }}
UNION
SELECT DISTINCT CAST(HISTORYID AS STRING) AS TRANSACTION_NK
, POLICYREADONLYHISTORYID
, HISTORYID::STRING AS HISTORYID
, PREVIOUSHISTORYID::STRING AS PREVIOUSHISTORYID
, POLICY_NUMBER
, INCLUDEDELETED, PRODUCTKIND, RETRIEVEPOLICY_ID, DATA_ID, POLICYADMIN_ID, TRANSACTIONS_ID, TRANSACTION_ID
, CHARGE, COMMITFAILURE,COMMITSTATUS, CONVERTEDTRANSACTIONTYPE,CREATEDDATE, CREATEDUSER
, DEPRECATEDBY, DESTINATIONPOLICYID
, EFFECTIVEDATE, EXPIRATIONDATE
, GLOBALBUSINESSPROCESSID
, ISOUTOFSEQUENCE, ISSUEDDATE, ISSUEDUSERNAME, ISVISIBLETOCUSTOMER
, NEWPREMIUM
, OFFSETDATE, ONSETBY, ORIGINALCHARGE, ORIGINALEFFECTIVEDATE, ORIGINALID
, POLICYMANUSCRIPTID, POLICYNUMBER, POLICYSTATUS, PRIORPREMIUM, PRODUCT, PRODUCTISREADONLY, PRORATEFACTOR
, QUOTETYPE
, RATINGACTIVITYID, REPLACEMENTID, REVISIONOF, SCHEDULEDATE,SHORTRATEFACTOR
, SOURCEPOLICYID, STATE, STATUS, STATUSUSER, STATUSUSERCONTEXT
, TERMEFFECTIVEDATE, TERMPREMIUM, TRANSACTIONDATE, TYPE, TYPECAPTION
, WAIVECHARGECHECK, RAW_OP_TYPE
, CONFORMED_INGESTION_TS, CONFORMED_DIGEST
FROM {{ source('PEAK_POLICY_CONFORMED', 'TRANSACTION') }}
UNION
SELECT DISTINCT CAST(PREVIOUSHISTORYID AS STRING) AS TRANSACTION_NK,POLICYREADONLYHISTORYID
, HISTORYID::STRING AS HISTORYID
, PREVIOUSHISTORYID::STRING AS PREVIOUSHISTORYID
, POLICY_NUMBER
, INCLUDEDELETED, PRODUCTKIND, RETRIEVEPOLICY_ID, DATA_ID, POLICYADMIN_ID, TRANSACTIONS_ID, TRANSACTION_ID
, CHARGE, COMMITFAILURE,COMMITSTATUS, CONVERTEDTRANSACTIONTYPE,CREATEDDATE, CREATEDUSER
, DEPRECATEDBY, DESTINATIONPOLICYID
, EFFECTIVEDATE, EXPIRATIONDATE
, GLOBALBUSINESSPROCESSID
, ISOUTOFSEQUENCE, ISSUEDDATE, ISSUEDUSERNAME, ISVISIBLETOCUSTOMER
, NEWPREMIUM
, OFFSETDATE, ONSETBY, ORIGINALCHARGE, ORIGINALEFFECTIVEDATE, ORIGINALID
, POLICYMANUSCRIPTID, POLICYNUMBER, POLICYSTATUS, PRIORPREMIUM, PRODUCT, PRODUCTISREADONLY, PRORATEFACTOR
, QUOTETYPE
, RATINGACTIVITYID, REPLACEMENTID, REVISIONOF, SCHEDULEDATE,SHORTRATEFACTOR
, SOURCEPOLICYID, STATE, STATUS, STATUSUSER, STATUSUSERCONTEXT
, TERMEFFECTIVEDATE, TERMPREMIUM, TRANSACTIONDATE, TYPE, TYPECAPTION
, WAIVECHARGECHECK, RAW_OP_TYPE
, CONFORMED_INGESTION_TS, CONFORMED_DIGEST
FROM {{ source('PEAK_POLICY_CONFORMED', 'TRANSACTION') }}
WHERE PREVIOUSHISTORYID IS NOT NULL",TRUE,Confidential,VARCHAR(16777216),"WITH CTE1 AS (
SELECT DISTINCT POLICYREADONLYHISTORYID AS TRANSACTION_NK
, POLICYREADONLYHISTORYID
, HISTORYID::STRING AS HISTORYID
, PREVIOUSHISTORYID::STRING AS PREVIOUSHISTORYID
, POLICY_NUMBER
, INCLUDEDELETED, PRODUCTKIND, RETRIEVEPOLICY_ID, DATA_ID, POLICYADMIN_ID, TRANSACTIONS_ID, TRANSACTION_ID
, CHARGE, COMMITFAILURE,COMMITSTATUS, CONVERTEDTRANSACTIONTYPE,CREATEDDATE, CREATEDUSER
, DEPRECATEDBY, DESTINATIONPOLICYID
, EFFECTIVEDATE, EXPIRATIONDATE
, GLOBALBUSINESSPROCESSID
, ISOUTOFSEQUENCE, ISSUEDDATE, ISSUEDUSERNAME, ISVISIBLETOCUSTOMER
, NEWPREMIUM
, OFFSETDATE, ONSETBY, ORIGINALCHARGE, ORIGINALEFFECTIVEDATE, ORIGINALID
, POLICYMANUSCRIPTID, POLICYNUMBER, POLICYSTATUS, PRIORPREMIUM, PRODUCT, PRODUCTISREADONLY, PRORATEFACTOR
, QUOTETYPE
, RATINGACTIVITYID, REPLACEMENTID, REVISIONOF, SCHEDULEDATE,SHORTRATEFACTOR
, SOURCEPOLICYID, STATE, STATUS, STATUSUSER, STATUSUSERCONTEXT
, TERMEFFECTIVEDATE, TERMPREMIUM, TRANSACTIONDATE, TYPE, TYPECAPTION
, WAIVECHARGECHECK, RAW_OP_TYPE
, CONFORMED_INGESTION_TS, CONFORMED_DIGEST
FROM {{ source('PEAK_POLICY_CONFORMED', 'TRANSACTION') }}
UNION
SELECT DISTINCT CAST(HISTORYID AS STRING) AS TRANSACTION_NK
, POLICYREADONLYHISTORYID
, HISTORYID::STRING AS HISTORYID
, PREVIOUSHISTORYID::STRING AS PREVIOUSHISTORYID
, POLICY_NUMBER
, INCLUDEDELETED, PRODUCTKIND, RETRIEVEPOLICY_ID, DATA_ID, POLICYADMIN_ID, TRANSACTIONS_ID, TRANSACTION_ID
, CHARGE, COMMITFAILURE,COMMITSTATUS, CONVERTEDTRANSACTIONTYPE,CREATEDDATE, CREATEDUSER
, DEPRECATEDBY, DESTINATIONPOLICYID
, EFFECTIVEDATE, EXPIRATIONDATE
, GLOBALBUSINESSPROCESSID
, ISOUTOFSEQUENCE, ISSUEDDATE, ISSUEDUSERNAME, ISVISIBLETOCUSTOMER
, NEWPREMIUM
, OFFSETDATE, ONSETBY, ORIGINALCHARGE, ORIGINALEFFECTIVEDATE, ORIGINALID
, POLICYMANUSCRIPTID, POLICYNUMBER, POLICYSTATUS, PRIORPREMIUM, PRODUCT, PRODUCTISREADONLY, PRORATEFACTOR
, QUOTETYPE
, RATINGACTIVITYID, REPLACEMENTID, REVISIONOF, SCHEDULEDATE,SHORTRATEFACTOR
, SOURCEPOLICYID, STATE, STATUS, STATUSUSER, STATUSUSERCONTEXT
, TERMEFFECTIVEDATE, TERMPREMIUM, TRANSACTIONDATE, TYPE, TYPECAPTION
, WAIVECHARGECHECK, RAW_OP_TYPE
, CONFORMED_INGESTION_TS, CONFORMED_DIGEST
FROM {{ source('PEAK_POLICY_CONFORMED', 'TRANSACTION') }}
UNION
SELECT DISTINCT CAST(PREVIOUSHISTORYID AS STRING) AS TRANSACTION_NK,POLICYREADONLYHISTORYID
, HISTORYID::STRING AS HISTORYID
, PREVIOUSHISTORYID::STRING AS PREVIOUSHISTORYID
, POLICY_NUMBER
, INCLUDEDELETED, PRODUCTKIND, RETRIEVEPOLICY_ID, DATA_ID, POLICYADMIN_ID, TRANSACTIONS_ID, TRANSACTION_ID
, CHARGE, COMMITFAILURE,COMMITSTATUS, CONVERTEDTRANSACTIONTYPE,CREATEDDATE, CREATEDUSER
, DEPRECATEDBY, DESTINATIONPOLICYID
, EFFECTIVEDATE, EXPIRATIONDATE
, GLOBALBUSINESSPROCESSID
, ISOUTOFSEQUENCE, ISSUEDDATE, ISSUEDUSERNAME, ISVISIBLETOCUSTOMER
, NEWPREMIUM
, OFFSETDATE, ONSETBY, ORIGINALCHARGE, ORIGINALEFFECTIVEDATE, ORIGINALID
, POLICYMANUSCRIPTID, POLICYNUMBER, POLICYSTATUS, PRIORPREMIUM, PRODUCT, PRODUCTISREADONLY, PRORATEFACTOR
, QUOTETYPE
, RATINGACTIVITYID, REPLACEMENTID, REVISIONOF, SCHEDULEDATE,SHORTRATEFACTOR
, SOURCEPOLICYID, STATE, STATUS, STATUSUSER, STATUSUSERCONTEXT
, TERMEFFECTIVEDATE, TERMPREMIUM, TRANSACTIONDATE, TYPE, TYPECAPTION
, WAIVECHARGECHECK, RAW_OP_TYPE
, CONFORMED_INGESTION_TS, CONFORMED_DIGEST
FROM {{ source('PEAK_POLICY_CONFORMED', 'TRANSACTION') }}
WHERE PREVIOUSHISTORYID IS NOT NULL",HISTORYID,"NUMBER(38,0)",TRANSACTION,PEAK_POLICY_CONFORMED,,WH_DBTVAULT_1,PEAK_POLICY_CONFORMED,Relational
HUB_POLICY_TRANSACTION,core,POLICY_TRANSACTION_NK,"WITH CTE1 AS (
SELECT DISTINCT POLICYREADONLYHISTORYID AS TRANSACTION_NK
, POLICYREADONLYHISTORYID
, HISTORYID::STRING AS HISTORYID
, PREVIOUSHISTORYID::STRING AS PREVIOUSHISTORYID
, POLICY_NUMBER
, INCLUDEDELETED, PRODUCTKIND, RETRIEVEPOLICY_ID, DATA_ID, POLICYADMIN_ID, TRANSACTIONS_ID, TRANSACTION_ID
, CHARGE, COMMITFAILURE,COMMITSTATUS, CONVERTEDTRANSACTIONTYPE,CREATEDDATE, CREATEDUSER
, DEPRECATEDBY, DESTINATIONPOLICYID
, EFFECTIVEDATE, EXPIRATIONDATE
, GLOBALBUSINESSPROCESSID
, ISOUTOFSEQUENCE, ISSUEDDATE, ISSUEDUSERNAME, ISVISIBLETOCUSTOMER
, NEWPREMIUM
, OFFSETDATE, ONSETBY, ORIGINALCHARGE, ORIGINALEFFECTIVEDATE, ORIGINALID
, POLICYMANUSCRIPTID, POLICYNUMBER, POLICYSTATUS, PRIORPREMIUM, PRODUCT, PRODUCTISREADONLY, PRORATEFACTOR
, QUOTETYPE
, RATINGACTIVITYID, REPLACEMENTID, REVISIONOF, SCHEDULEDATE,SHORTRATEFACTOR
, SOURCEPOLICYID, STATE, STATUS, STATUSUSER, STATUSUSERCONTEXT
, TERMEFFECTIVEDATE, TERMPREMIUM, TRANSACTIONDATE, TYPE, TYPECAPTION
, WAIVECHARGECHECK, RAW_OP_TYPE
, CONFORMED_INGESTION_TS, CONFORMED_DIGEST
FROM {{ source('PEAK_POLICY_CONFORMED', 'TRANSACTION') }}
UNION
SELECT DISTINCT CAST(HISTORYID AS STRING) AS TRANSACTION_NK
, POLICYREADONLYHISTORYID
, HISTORYID::STRING AS HISTORYID
, PREVIOUSHISTORYID::STRING AS PREVIOUSHISTORYID
, POLICY_NUMBER
, INCLUDEDELETED, PRODUCTKIND, RETRIEVEPOLICY_ID, DATA_ID, POLICYADMIN_ID, TRANSACTIONS_ID, TRANSACTION_ID
, CHARGE, COMMITFAILURE,COMMITSTATUS, CONVERTEDTRANSACTIONTYPE,CREATEDDATE, CREATEDUSER
, DEPRECATEDBY, DESTINATIONPOLICYID
, EFFECTIVEDATE, EXPIRATIONDATE
, GLOBALBUSINESSPROCESSID
, ISOUTOFSEQUENCE, ISSUEDDATE, ISSUEDUSERNAME, ISVISIBLETOCUSTOMER
, NEWPREMIUM
, OFFSETDATE, ONSETBY, ORIGINALCHARGE, ORIGINALEFFECTIVEDATE, ORIGINALID
, POLICYMANUSCRIPTID, POLICYNUMBER, POLICYSTATUS, PRIORPREMIUM, PRODUCT, PRODUCTISREADONLY, PRORATEFACTOR
, QUOTETYPE
, RATINGACTIVITYID, REPLACEMENTID, REVISIONOF, SCHEDULEDATE,SHORTRATEFACTOR
, SOURCEPOLICYID, STATE, STATUS, STATUSUSER, STATUSUSERCONTEXT
, TERMEFFECTIVEDATE, TERMPREMIUM, TRANSACTIONDATE, TYPE, TYPECAPTION
, WAIVECHARGECHECK, RAW_OP_TYPE
, CONFORMED_INGESTION_TS, CONFORMED_DIGEST
FROM {{ source('PEAK_POLICY_CONFORMED', 'TRANSACTION') }}
UNION
SELECT DISTINCT CAST(PREVIOUSHISTORYID AS STRING) AS TRANSACTION_NK,POLICYREADONLYHISTORYID
, HISTORYID::STRING AS HISTORYID
, PREVIOUSHISTORYID::STRING AS PREVIOUSHISTORYID
, POLICY_NUMBER
, INCLUDEDELETED, PRODUCTKIND, RETRIEVEPOLICY_ID, DATA_ID, POLICYADMIN_ID, TRANSACTIONS_ID, TRANSACTION_ID
, CHARGE, COMMITFAILURE,COMMITSTATUS, CONVERTEDTRANSACTIONTYPE,CREATEDDATE, CREATEDUSER
, DEPRECATEDBY, DESTINATIONPOLICYID
, EFFECTIVEDATE, EXPIRATIONDATE
, GLOBALBUSINESSPROCESSID
, ISOUTOFSEQUENCE, ISSUEDDATE, ISSUEDUSERNAME, ISVISIBLETOCUSTOMER
, NEWPREMIUM
, OFFSETDATE, ONSETBY, ORIGINALCHARGE, ORIGINALEFFECTIVEDATE, ORIGINALID
, POLICYMANUSCRIPTID, POLICYNUMBER, POLICYSTATUS, PRIORPREMIUM, PRODUCT, PRODUCTISREADONLY, PRORATEFACTOR
, QUOTETYPE
, RATINGACTIVITYID, REPLACEMENTID, REVISIONOF, SCHEDULEDATE,SHORTRATEFACTOR
, SOURCEPOLICYID, STATE, STATUS, STATUSUSER, STATUSUSERCONTEXT
, TERMEFFECTIVEDATE, TERMPREMIUM, TRANSACTIONDATE, TYPE, TYPECAPTION
, WAIVECHARGECHECK, RAW_OP_TYPE
, CONFORMED_INGESTION_TS, CONFORMED_DIGEST
FROM {{ source('PEAK_POLICY_CONFORMED', 'TRANSACTION') }}
WHERE PREVIOUSHISTORYID IS NOT NULL",TRUE,Confidential,VARCHAR(16777216),"WITH CTE1 AS (
SELECT DISTINCT POLICYREADONLYHISTORYID AS TRANSACTION_NK
, POLICYREADONLYHISTORYID
, HISTORYID::STRING AS HISTORYID
, PREVIOUSHISTORYID::STRING AS PREVIOUSHISTORYID
, POLICY_NUMBER
, INCLUDEDELETED, PRODUCTKIND, RETRIEVEPOLICY_ID, DATA_ID, POLICYADMIN_ID, TRANSACTIONS_ID, TRANSACTION_ID
, CHARGE, COMMITFAILURE,COMMITSTATUS, CONVERTEDTRANSACTIONTYPE,CREATEDDATE, CREATEDUSER
, DEPRECATEDBY, DESTINATIONPOLICYID
, EFFECTIVEDATE, EXPIRATIONDATE
, GLOBALBUSINESSPROCESSID
, ISOUTOFSEQUENCE, ISSUEDDATE, ISSUEDUSERNAME, ISVISIBLETOCUSTOMER
, NEWPREMIUM
, OFFSETDATE, ONSETBY, ORIGINALCHARGE, ORIGINALEFFECTIVEDATE, ORIGINALID
, POLICYMANUSCRIPTID, POLICYNUMBER, POLICYSTATUS, PRIORPREMIUM, PRODUCT, PRODUCTISREADONLY, PRORATEFACTOR
, QUOTETYPE
, RATINGACTIVITYID, REPLACEMENTID, REVISIONOF, SCHEDULEDATE,SHORTRATEFACTOR
, SOURCEPOLICYID, STATE, STATUS, STATUSUSER, STATUSUSERCONTEXT
, TERMEFFECTIVEDATE, TERMPREMIUM, TRANSACTIONDATE, TYPE, TYPECAPTION
, WAIVECHARGECHECK, RAW_OP_TYPE
, CONFORMED_INGESTION_TS, CONFORMED_DIGEST
FROM {{ source('PEAK_POLICY_CONFORMED', 'TRANSACTION') }}
UNION
SELECT DISTINCT CAST(HISTORYID AS STRING) AS TRANSACTION_NK
, POLICYREADONLYHISTORYID
, HISTORYID::STRING AS HISTORYID
, PREVIOUSHISTORYID::STRING AS PREVIOUSHISTORYID
, POLICY_NUMBER
, INCLUDEDELETED, PRODUCTKIND, RETRIEVEPOLICY_ID, DATA_ID, POLICYADMIN_ID, TRANSACTIONS_ID, TRANSACTION_ID
, CHARGE, COMMITFAILURE,COMMITSTATUS, CONVERTEDTRANSACTIONTYPE,CREATEDDATE, CREATEDUSER
, DEPRECATEDBY, DESTINATIONPOLICYID
, EFFECTIVEDATE, EXPIRATIONDATE
, GLOBALBUSINESSPROCESSID
, ISOUTOFSEQUENCE, ISSUEDDATE, ISSUEDUSERNAME, ISVISIBLETOCUSTOMER
, NEWPREMIUM
, OFFSETDATE, ONSETBY, ORIGINALCHARGE, ORIGINALEFFECTIVEDATE, ORIGINALID
, POLICYMANUSCRIPTID, POLICYNUMBER, POLICYSTATUS, PRIORPREMIUM, PRODUCT, PRODUCTISREADONLY, PRORATEFACTOR
, QUOTETYPE
, RATINGACTIVITYID, REPLACEMENTID, REVISIONOF, SCHEDULEDATE,SHORTRATEFACTOR
, SOURCEPOLICYID, STATE, STATUS, STATUSUSER, STATUSUSERCONTEXT
, TERMEFFECTIVEDATE, TERMPREMIUM, TRANSACTIONDATE, TYPE, TYPECAPTION
, WAIVECHARGECHECK, RAW_OP_TYPE
, CONFORMED_INGESTION_TS, CONFORMED_DIGEST
FROM {{ source('PEAK_POLICY_CONFORMED', 'TRANSACTION') }}
UNION
SELECT DISTINCT CAST(PREVIOUSHISTORYID AS STRING) AS TRANSACTION_NK,POLICYREADONLYHISTORYID
, HISTORYID::STRING AS HISTORYID
, PREVIOUSHISTORYID::STRING AS PREVIOUSHISTORYID
, POLICY_NUMBER
, INCLUDEDELETED, PRODUCTKIND, RETRIEVEPOLICY_ID, DATA_ID, POLICYADMIN_ID, TRANSACTIONS_ID, TRANSACTION_ID
, CHARGE, COMMITFAILURE,COMMITSTATUS, CONVERTEDTRANSACTIONTYPE,CREATEDDATE, CREATEDUSER
, DEPRECATEDBY, DESTINATIONPOLICYID
, EFFECTIVEDATE, EXPIRATIONDATE
, GLOBALBUSINESSPROCESSID
, ISOUTOFSEQUENCE, ISSUEDDATE, ISSUEDUSERNAME, ISVISIBLETOCUSTOMER
, NEWPREMIUM
, OFFSETDATE, ONSETBY, ORIGINALCHARGE, ORIGINALEFFECTIVEDATE, ORIGINALID
, POLICYMANUSCRIPTID, POLICYNUMBER, POLICYSTATUS, PRIORPREMIUM, PRODUCT, PRODUCTISREADONLY, PRORATEFACTOR
, QUOTETYPE
, RATINGACTIVITYID, REPLACEMENTID, REVISIONOF, SCHEDULEDATE,SHORTRATEFACTOR
, SOURCEPOLICYID, STATE, STATUS, STATUSUSER, STATUSUSERCONTEXT
, TERMEFFECTIVEDATE, TERMPREMIUM, TRANSACTIONDATE, TYPE, TYPECAPTION
, WAIVECHARGECHECK, RAW_OP_TYPE
, CONFORMED_INGESTION_TS, CONFORMED_DIGEST
FROM {{ source('PEAK_POLICY_CONFORMED', 'TRANSACTION') }}
WHERE PREVIOUSHISTORYID IS NOT NULL",PREVIOUSHISTORYID,"NUMBER(38,0)",TRANSACTION,PEAK_POLICY_CONFORMED,,WH_DBTVAULT_1,PEAK_POLICY_CONFORMED,Relational
HUB_POLICY_TRANSACTION,core,POLICY_TRANSACTION_NK,"WITH CTE1 AS (
SELECT DISTINCT POLICYREADONLYHISTORYID AS TRANSACTION_NK
, POLICYREADONLYHISTORYID
, HISTORYID::STRING AS HISTORYID
, PREVIOUSHISTORYID::STRING AS PREVIOUSHISTORYID
, POLICY_NUMBER
, INCLUDEDELETED, PRODUCTKIND, RETRIEVEPOLICY_ID, DATA_ID, POLICYADMIN_ID, TRANSACTIONS_ID, TRANSACTION_ID
, CHARGE, COMMITFAILURE,COMMITSTATUS, CONVERTEDTRANSACTIONTYPE,CREATEDDATE, CREATEDUSER
, DEPRECATEDBY, DESTINATIONPOLICYID
, EFFECTIVEDATE, EXPIRATIONDATE
, GLOBALBUSINESSPROCESSID
, ISOUTOFSEQUENCE, ISSUEDDATE, ISSUEDUSERNAME, ISVISIBLETOCUSTOMER
, NEWPREMIUM
, OFFSETDATE, ONSETBY, ORIGINALCHARGE, ORIGINALEFFECTIVEDATE, ORIGINALID
, POLICYMANUSCRIPTID, POLICYNUMBER, POLICYSTATUS, PRIORPREMIUM, PRODUCT, PRODUCTISREADONLY, PRORATEFACTOR
, QUOTETYPE
, RATINGACTIVITYID, REPLACEMENTID, REVISIONOF, SCHEDULEDATE,SHORTRATEFACTOR
, SOURCEPOLICYID, STATE, STATUS, STATUSUSER, STATUSUSERCONTEXT
, TERMEFFECTIVEDATE, TERMPREMIUM, TRANSACTIONDATE, TYPE, TYPECAPTION
, WAIVECHARGECHECK, RAW_OP_TYPE
, CONFORMED_INGESTION_TS, CONFORMED_DIGEST
FROM {{ source('PEAK_POLICY_CONFORMED', 'TRANSACTION') }}
UNION
SELECT DISTINCT CAST(HISTORYID AS STRING) AS TRANSACTION_NK
, POLICYREADONLYHISTORYID
, HISTORYID::STRING AS HISTORYID
, PREVIOUSHISTORYID::STRING AS PREVIOUSHISTORYID
, POLICY_NUMBER
, INCLUDEDELETED, PRODUCTKIND, RETRIEVEPOLICY_ID, DATA_ID, POLICYADMIN_ID, TRANSACTIONS_ID, TRANSACTION_ID
, CHARGE, COMMITFAILURE,COMMITSTATUS, CONVERTEDTRANSACTIONTYPE,CREATEDDATE, CREATEDUSER
, DEPRECATEDBY, DESTINATIONPOLICYID
, EFFECTIVEDATE, EXPIRATIONDATE
, GLOBALBUSINESSPROCESSID
, ISOUTOFSEQUENCE, ISSUEDDATE, ISSUEDUSERNAME, ISVISIBLETOCUSTOMER
, NEWPREMIUM
, OFFSETDATE, ONSETBY, ORIGINALCHARGE, ORIGINALEFFECTIVEDATE, ORIGINALID
, POLICYMANUSCRIPTID, POLICYNUMBER, POLICYSTATUS, PRIORPREMIUM, PRODUCT, PRODUCTISREADONLY, PRORATEFACTOR
, QUOTETYPE
, RATINGACTIVITYID, REPLACEMENTID, REVISIONOF, SCHEDULEDATE,SHORTRATEFACTOR
, SOURCEPOLICYID, STATE, STATUS, STATUSUSER, STATUSUSERCONTEXT
, TERMEFFECTIVEDATE, TERMPREMIUM, TRANSACTIONDATE, TYPE, TYPECAPTION
, WAIVECHARGECHECK, RAW_OP_TYPE
, CONFORMED_INGESTION_TS, CONFORMED_DIGEST
FROM {{ source('PEAK_POLICY_CONFORMED', 'TRANSACTION') }}
UNION
SELECT DISTINCT CAST(PREVIOUSHISTORYID AS STRING) AS TRANSACTION_NK,POLICYREADONLYHISTORYID
, HISTORYID::STRING AS HISTORYID
, PREVIOUSHISTORYID::STRING AS PREVIOUSHISTORYID
, POLICY_NUMBER
, INCLUDEDELETED, PRODUCTKIND, RETRIEVEPOLICY_ID, DATA_ID, POLICYADMIN_ID, TRANSACTIONS_ID, TRANSACTION_ID
, CHARGE, COMMITFAILURE,COMMITSTATUS, CONVERTEDTRANSACTIONTYPE,CREATEDDATE, CREATEDUSER
, DEPRECATEDBY, DESTINATIONPOLICYID
, EFFECTIVEDATE, EXPIRATIONDATE
, GLOBALBUSINESSPROCESSID
, ISOUTOFSEQUENCE, ISSUEDDATE, ISSUEDUSERNAME, ISVISIBLETOCUSTOMER
, NEWPREMIUM
, OFFSETDATE, ONSETBY, ORIGINALCHARGE, ORIGINALEFFECTIVEDATE, ORIGINALID
, POLICYMANUSCRIPTID, POLICYNUMBER, POLICYSTATUS, PRIORPREMIUM, PRODUCT, PRODUCTISREADONLY, PRORATEFACTOR
, QUOTETYPE
, RATINGACTIVITYID, REPLACEMENTID, REVISIONOF, SCHEDULEDATE,SHORTRATEFACTOR
, SOURCEPOLICYID, STATE, STATUS, STATUSUSER, STATUSUSERCONTEXT
, TERMEFFECTIVEDATE, TERMPREMIUM, TRANSACTIONDATE, TYPE, TYPECAPTION
, WAIVECHARGECHECK, RAW_OP_TYPE
, CONFORMED_INGESTION_TS, CONFORMED_DIGEST
FROM {{ source('PEAK_POLICY_CONFORMED', 'TRANSACTION') }}
WHERE PREVIOUSHISTORYID IS NOT NULL",TRUE,Confidential,VARCHAR(16777216),"WITH CTE1 AS (
SELECT DISTINCT POLICYREADONLYHISTORYID AS TRANSACTION_NK
, POLICYREADONLYHISTORYID
, HISTORYID::STRING AS HISTORYID
, PREVIOUSHISTORYID::STRING AS PREVIOUSHISTORYID
, POLICY_NUMBER
, INCLUDEDELETED, PRODUCTKIND, RETRIEVEPOLICY_ID, DATA_ID, POLICYADMIN_ID, TRANSACTIONS_ID, TRANSACTION_ID
, CHARGE, COMMITFAILURE,COMMITSTATUS, CONVERTEDTRANSACTIONTYPE,CREATEDDATE, CREATEDUSER
, DEPRECATEDBY, DESTINATIONPOLICYID
, EFFECTIVEDATE, EXPIRATIONDATE
, GLOBALBUSINESSPROCESSID
, ISOUTOFSEQUENCE, ISSUEDDATE, ISSUEDUSERNAME, ISVISIBLETOCUSTOMER
, NEWPREMIUM
, OFFSETDATE, ONSETBY, ORIGINALCHARGE, ORIGINALEFFECTIVEDATE, ORIGINALID
, POLICYMANUSCRIPTID, POLICYNUMBER, POLICYSTATUS, PRIORPREMIUM, PRODUCT, PRODUCTISREADONLY, PRORATEFACTOR
, QUOTETYPE
, RATINGACTIVITYID, REPLACEMENTID, REVISIONOF, SCHEDULEDATE,SHORTRATEFACTOR
, SOURCEPOLICYID, STATE, STATUS, STATUSUSER, STATUSUSERCONTEXT
, TERMEFFECTIVEDATE, TERMPREMIUM, TRANSACTIONDATE, TYPE, TYPECAPTION
, WAIVECHARGECHECK, RAW_OP_TYPE
, CONFORMED_INGESTION_TS, CONFORMED_DIGEST
FROM {{ source('PEAK_POLICY_CONFORMED', 'TRANSACTION') }}
UNION
SELECT DISTINCT CAST(HISTORYID AS STRING) AS TRANSACTION_NK
, POLICYREADONLYHISTORYID
, HISTORYID::STRING AS HISTORYID
, PREVIOUSHISTORYID::STRING AS PREVIOUSHISTORYID
, POLICY_NUMBER
, INCLUDEDELETED, PRODUCTKIND, RETRIEVEPOLICY_ID, DATA_ID, POLICYADMIN_ID, TRANSACTIONS_ID, TRANSACTION_ID
, CHARGE, COMMITFAILURE,COMMITSTATUS, CONVERTEDTRANSACTIONTYPE,CREATEDDATE, CREATEDUSER
, DEPRECATEDBY, DESTINATIONPOLICYID
, EFFECTIVEDATE, EXPIRATIONDATE
, GLOBALBUSINESSPROCESSID
, ISOUTOFSEQUENCE, ISSUEDDATE, ISSUEDUSERNAME, ISVISIBLETOCUSTOMER
, NEWPREMIUM
, OFFSETDATE, ONSETBY, ORIGINALCHARGE, ORIGINALEFFECTIVEDATE, ORIGINALID
, POLICYMANUSCRIPTID, POLICYNUMBER, POLICYSTATUS, PRIORPREMIUM, PRODUCT, PRODUCTISREADONLY, PRORATEFACTOR
, QUOTETYPE
, RATINGACTIVITYID, REPLACEMENTID, REVISIONOF, SCHEDULEDATE,SHORTRATEFACTOR
, SOURCEPOLICYID, STATE, STATUS, STATUSUSER, STATUSUSERCONTEXT
, TERMEFFECTIVEDATE, TERMPREMIUM, TRANSACTIONDATE, TYPE, TYPECAPTION
, WAIVECHARGECHECK, RAW_OP_TYPE
, CONFORMED_INGESTION_TS, CONFORMED_DIGEST
FROM {{ source('PEAK_POLICY_CONFORMED', 'TRANSACTION') }}
UNION
SELECT DISTINCT CAST(PREVIOUSHISTORYID AS STRING) AS TRANSACTION_NK,POLICYREADONLYHISTORYID
, HISTORYID::STRING AS HISTORYID
, PREVIOUSHISTORYID::STRING AS PREVIOUSHISTORYID
, POLICY_NUMBER
, INCLUDEDELETED, PRODUCTKIND, RETRIEVEPOLICY_ID, DATA_ID, POLICYADMIN_ID, TRANSACTIONS_ID, TRANSACTION_ID
, CHARGE, COMMITFAILURE,COMMITSTATUS, CONVERTEDTRANSACTIONTYPE,CREATEDDATE, CREATEDUSER
, DEPRECATEDBY, DESTINATIONPOLICYID
, EFFECTIVEDATE, EXPIRATIONDATE
, GLOBALBUSINESSPROCESSID
, ISOUTOFSEQUENCE, ISSUEDDATE, ISSUEDUSERNAME, ISVISIBLETOCUSTOMER
, NEWPREMIUM
, OFFSETDATE, ONSETBY, ORIGINALCHARGE, ORIGINALEFFECTIVEDATE, ORIGINALID
, POLICYMANUSCRIPTID, POLICYNUMBER, POLICYSTATUS, PRIORPREMIUM, PRODUCT, PRODUCTISREADONLY, PRORATEFACTOR
, QUOTETYPE
, RATINGACTIVITYID, REPLACEMENTID, REVISIONOF, SCHEDULEDATE,SHORTRATEFACTOR
, SOURCEPOLICYID, STATE, STATUS, STATUSUSER, STATUSUSERCONTEXT
, TERMEFFECTIVEDATE, TERMPREMIUM, TRANSACTIONDATE, TYPE, TYPECAPTION
, WAIVECHARGECHECK, RAW_OP_TYPE
, CONFORMED_INGESTION_TS, CONFORMED_DIGEST
FROM {{ source('PEAK_POLICY_CONFORMED', 'TRANSACTION') }}
WHERE PREVIOUSHISTORYID IS NOT NULL",POLICYREADONLYHISTORYID,VARCHAR(16777216),TRANSACTION,PEAK_POLICY_CONFORMED,,WH_DBTVAULT_1,PEAK_POLICY_CONFORMED,Relational
HUB_POLICY,core,POLICY_HK,MD5 checksum of POLICY_NK.,TRUE,Confidential,BINARY(),MD5 checksum of POLICY_NK.,,,,,,,,
HUB_POLICY,core,LOAD_TIMESTAMP,CURRENT_TIMESTAMP(),TRUE,Confidential,TIMESTAMP,Set to system date and time at load.,,,,,,,,
HUB_POLICY,core,RECORD_SOURCE,'PEAK',TRUE,Confidential,VARCHAR(100),'PEAK',,,,,,,,
HUB_POLICY,core,POLICY_NUMBER,,TRUE,Confidential,VARCHAR(50),Pass through.,POLICY_NUMBER,VARCHAR(16777216),POLICY,PEAK_POLICY_CONFORMED,,WH_DBTVAULT_1,PEAK_POLICY_CONFORMED,Relational
SAT_PEAK_POLICY,core,LOAD_TIMESTAMP,CURRENT_TIMESTAMP(),FALSE,Confidential,TIMESTAMP,Set to system date and time at load.,,,,,,,,
SAT_PEAK_POLICY,core,RECORD_SOURCE,'PEAK',TRUE,Confidential,VARCHAR(100),'PEAK',,,,,,,,
SAT_PEAK_POLICY,core,HASHDIFF,,FALSE,Confidential,BINARY(16),,,,,,,,,
SAT_PEAK_POLICY,core,EFFECTIVE_TIMESTAMP,,FALSE,Confidential,TIMESTAMP,"Convert to timestamp with hour, minute and second set to 0.",EFFECTIVEDATE,DATE,POLICY,PEAK_POLICY_CONFORMED,,WH_DBTVAULT_1,PEAK_POLICY_CONFORMED,Relational
SAT_PEAK_POLICY,core,POLICY_NUMBER,,TRUE,Confidential,VARCHAR(16777216),,,,,,,,,
SAT_PEAK_POLICY,core,POLICYREADONLYHISTORYID,,TRUE,Confidential,VARCHAR(16777216),,,,,,,,,
SAT_PEAK_POLICY,core,INCLUDEDELETED,,TRUE,Confidential,BOOLEAN,,,,,,,,,
SAT_PEAK_POLICY,core,PRODUCTKIND,,TRUE,Confidential,VARCHAR(16777216),,,,,,,,,
SAT_PEAK_POLICY,core,RETRIEVEPOLICY_ID,,TRUE,Confidential,VARCHAR(16777216),,,,,,,,,
SAT_PEAK_POLICY,core,DATA_ID,,TRUE,Confidential,VARCHAR(16777216),,,,,,,,,
SAT_PEAK_POLICY,core,POLICY_ID,,TRUE,Confidential,VARCHAR(16777216),,,,,,,,,
SAT_PEAK_POLICY,core,ACCOUNTID,,TRUE,Confidential,VARCHAR(16777216),,,,,,,,,
SAT_PEAK_POLICY,core,AGENTID,,TRUE,Restricted General - PII,VARCHAR(16777216),,,,,,,,,
SAT_PEAK_POLICY,core,AIPVOLUNTARYRATEINDICATOR,,TRUE,Confidential,VARCHAR(16777216),,,,,,,,,
SAT_PEAK_POLICY,core,APPLICATIONORIGINALWRITTENDATE,,TRUE,Confidential,DATE,,,,,,,,,
SAT_PEAK_POLICY,core,AVAILABLEVEHICLENUMBERID,,TRUE,Confidential,VARCHAR(16777216),,,,,,,,,
SAT_PEAK_POLICY,core,CANCELLATIONDATE,,TRUE,Confidential,DATE,,,,,,,,,
SAT_PEAK_POLICY,core,CAPPINGPREVIOUSLOBCODE,,TRUE,Confidential,VARCHAR(16777216),,,,,,,,,
SAT_PEAK_POLICY,core,COMPANYINCEPTIONDATE,,TRUE,Confidential,DATE,,,,,,,,,
SAT_PEAK_POLICY,core,CONTRACTOVERRIDE,,TRUE,Confidential,VARCHAR(16777216),,,,,,,,,
SAT_PEAK_POLICY,core,CONTRACTREVIEWDATE,,TRUE,Confidential,DATE,,,,,,,,,
SAT_PEAK_POLICY,core,CONTRACTTYPE,,TRUE,Confidential,VARCHAR(16777216),,,,,,,,,
SAT_PEAK_POLICY,core,CONTRACTTYPEASSIGNDATE,,TRUE,Confidential,DATE,,,,,,,,,
SAT_PEAK_POLICY,core,CORPORATEINCEPTIONDATE,,TRUE,Confidential,DATE,,,,,,,,,
SAT_PEAK_POLICY,core,CTRAUTHORIZATIONSTATUS,,TRUE,Confidential,VARCHAR(16777216),,,,,,,,,
SAT_PEAK_POLICY,core,CTRRECEIVEDDATE,,TRUE,Confidential,DATE,,,,,,,,,
SAT_PEAK_POLICY,core,CTRSENTDATE,,TRUE,Confidential,DATE,,,,,,,,,
SAT_PEAK_POLICY,core,DECLINEOVERRIDE,,TRUE,Confidential,BOOLEAN,,,,,,,,,
SAT_PEAK_POLICY,core,DECLINEOVERRIDEUSER,,TRUE,Restricted General - PII,VARCHAR(16777216),,,,,,,,,
SAT_PEAK_POLICY,core,DECPACKAGETYPECODE,,TRUE,Confidential,VARCHAR(16777216),,,,,,,,,
SAT_PEAK_POLICY,core,DEPENDENTS,,TRUE,Confidential,"NUMBER(38,0)",,,,,,,,,
SAT_PEAK_POLICY,core,EFFECTIVEDATE,,TRUE,Confidential,DATE,,,,,,,,,
SAT_PEAK_POLICY,core,EFFECTIVETYPECODE,,TRUE,Confidential,VARCHAR(16777216),,,,,,,,,
SAT_PEAK_POLICY,core,EXPIRATIONDATE,,TRUE,Confidential,DATE,,,,,,,,,
SAT_PEAK_POLICY,core,FASTTRACKRENEWALINDICATOR,,TRUE,Confidential,VARCHAR(16777216),,,,,,,,,
SAT_PEAK_POLICY,core,GDRNAME,,TRUE,Restricted General - PII,VARCHAR(16777216),,,,,,,,,
SAT_PEAK_POLICY,core,INCEPTIONDATE,,TRUE,Confidential,DATE,,,,,,,,,
SAT_PEAK_POLICY,core,INSURANCETYPE,,TRUE,Confidential,VARCHAR(16777216),,,,,,,,,
SAT_PEAK_POLICY,core,ISFULLCOVERAGE,,TRUE,Confidential,VARCHAR(16777216),,,,,,,,,
SAT_PEAK_POLICY,core,ISINTERNETSALE,,TRUE,Confidential,VARCHAR(16777216),,,,,,,,,
SAT_PEAK_POLICY,core,ISRENEWALQUESTIONNAIREREQUIRED,,TRUE,Confidential,VARCHAR(16777216),,,,,,,,,
SAT_PEAK_POLICY,core,ISSHORTTERMPOLICY,,TRUE,Confidential,VARCHAR(16777216),,,,,,,,,
SAT_PEAK_POLICY,core,LASTCHANGEDINSURANCETYPE,,TRUE,Confidential,VARCHAR(16777216),,,,,,,,,
SAT_PEAK_POLICY,core,LASTCHANGEDLIFESEGMENT,,TRUE,Confidential,VARCHAR(16777216),,,,,,,,,
SAT_PEAK_POLICY,core,LASTCHANGEDLOBCODE,,TRUE,Confidential,VARCHAR(16777216),,,,,,,,,
SAT_PEAK_POLICY,core,LASTCHANGEDPRIMARYRATINGSTATE,,TRUE,Confidential,VARCHAR(16777216),,,,,,,,,
SAT_PEAK_POLICY,core,LASTCHANGEDRISKSEGMENT,,TRUE,Confidential,VARCHAR(16777216),,,,,,,,,
SAT_PEAK_POLICY,core,LASTCHANGEDWRITINGCOMPANY,,TRUE,Confidential,VARCHAR(16777216),,,,,,,,,
SAT_PEAK_POLICY,core,LEGACYSYSTEMACTIVITYDATE,,TRUE,Confidential,TIMESTAMP_NTZ(9),,,,,,,,,
SAT_PEAK_POLICY,core,LIFESEGMENT,,TRUE,Confidential,VARCHAR(16777216),,,,,,,,,
SAT_PEAK_POLICY,core,LIFESEGMENTINCEPTIONDATE,,TRUE,Confidential,DATE,,,,,,,,,
SAT_PEAK_POLICY,core,LOBCODE,,TRUE,Confidential,VARCHAR(16777216),,,,,,,,,
SAT_PEAK_POLICY,core,MINIMUMPREMIUM,,TRUE,Confidential,FLOAT,,,,,,,,,
SAT_PEAK_POLICY,core,MINIMUMPREMIUMWRITTEN,,TRUE,Confidential,FLOAT,,,,,,,,,
SAT_PEAK_POLICY,core,NONCANCELLABLE,,TRUE,Confidential,VARCHAR(16777216),,,,,,,,,
SAT_PEAK_POLICY,core,NONOWNEDAUTOCOVERAGETYPE,,TRUE,Confidential,VARCHAR(16777216),,,,,,,,,
SAT_PEAK_POLICY,core,OPTIONFORMRECEIVEDINDICATOR,,TRUE,Confidential,VARCHAR(16777216),,,,,,,,,
SAT_PEAK_POLICY,core,OPTIONFORMREQUIREDINDICATOR,,TRUE,Confidential,VARCHAR(16777216),,,,,,,,,
SAT_PEAK_POLICY,core,ORIGINALPOLICYEFFECTIVEDATE,,TRUE,Confidential,DATE,,,,,,,,,
SAT_PEAK_POLICY,core,PAPERLESSPOLICYSTATUS,,TRUE,Confidential,VARCHAR(16777216),,,,,,,,,
SAT_PEAK_POLICY,core,PAPERLESSPOLICYSTATUSDATE,,TRUE,Confidential,DATE,,,,,,,,,
SAT_PEAK_POLICY,core,PARTIALPAPERLESSSTATUS,,TRUE,Confidential,VARCHAR(16777216),,,,,,,,,
SAT_PEAK_POLICY,core,PAYPLAN,,TRUE,Confidential,VARCHAR(16777216),,,,,,,,,
SAT_PEAK_POLICY,core,POLICYBINDERDATETIMESTAMP,,TRUE,Confidential,TIMESTAMP_NTZ(9),,,,,,,,,
SAT_PEAK_POLICY,core,POLICYCLAIMSIDENTIFIER,,TRUE,Restricted General - PII Partial,VARCHAR(16777216),,,,,,,,,
SAT_PEAK_POLICY,core,POLICYNUMBER,,TRUE,Confidential,VARCHAR(16777216),,,,,,,,,
SAT_PEAK_POLICY,core,POLICYTERMID,,TRUE,Confidential,VARCHAR(16777216),,,,,,,,,
SAT_PEAK_POLICY,core,PREMIUM,,TRUE,Confidential,FLOAT,,,,,,,,,
SAT_PEAK_POLICY,core,PREMIUMCHANGE,,TRUE,Confidential,FLOAT,,,,,,,,,
SAT_PEAK_POLICY,core,PREMIUMWRITTEN,,TRUE,Confidential,FLOAT,,,,,,,,,
SAT_PEAK_POLICY,core,PRIMARYRATINGSTATE,,TRUE,Confidential,VARCHAR(16777216),,,,,,,,,
SAT_PEAK_POLICY,core,PRODUCT,,TRUE,Confidential,VARCHAR(16777216),,,,,,,,,
SAT_PEAK_POLICY,core,PRORATEDADJUSTMENTAMOUNT,,TRUE,Confidential,FLOAT,,,,,,,,,
SAT_PEAK_POLICY,core,PROXYSTATUSCOUNTER,,TRUE,Confidential,"NUMBER(38,0)",,,,,,,,,
SAT_PEAK_POLICY,core,RATINGTIER,,TRUE,Confidential,VARCHAR(16777216),,,,,,,,,
SAT_PEAK_POLICY,core,REASONAMENDMENTCODE,,TRUE,Confidential,VARCHAR(16777216),,,,,,,,,
SAT_PEAK_POLICY,core,REISSUEWITHLAPSEDATE,,TRUE,Confidential,DATE,,,,,,,,,
SAT_PEAK_POLICY,core,REISSUEWITHLAPSEEFFECTIVEDATE,,TRUE,Confidential,DATE,,,,,,,,,
SAT_PEAK_POLICY,core,RELATIONTOPRIORPOLICYAPPLICANT,,TRUE,Confidential,VARCHAR(16777216),,,,,,,,,
SAT_PEAK_POLICY,core,RENEWALSTATUS,,TRUE,Confidential,VARCHAR(16777216),,,,,,,,,
SAT_PEAK_POLICY,core,REQUESTEDMAILPACKAGECODE,,TRUE,Confidential,VARCHAR(16777216),,,,,,,,,
SAT_PEAK_POLICY,core,RETENTIONKEY,,TRUE,Confidential,VARCHAR(16777216),,,,,,,,,
SAT_PEAK_POLICY,core,RETURNEDMAILINDICATOR,,TRUE,Confidential,VARCHAR(16777216),,,,,,,,,
SAT_PEAK_POLICY,core,RISKSEGMENT,,TRUE,Confidential,VARCHAR(16777216),,,,,,,,,
SAT_PEAK_POLICY,core,RISKSEGMENTINCEPTIONDATE,,TRUE,Confidential,DATE,,,,,,,,,
SAT_PEAK_POLICY,core,SALESTYPE,,TRUE,Confidential,VARCHAR(16777216),,,,,,,,,
SAT_PEAK_POLICY,core,SOURCEOFADVERTISING,,TRUE,Confidential,VARCHAR(16777216),,,,,,,,,
SAT_PEAK_POLICY,core,SOURCEOFBUSINESS,,TRUE,Confidential,VARCHAR(16777216),,,,,,,,,
SAT_PEAK_POLICY,core,STATESTANDARDPOLICYINDICATOR,,TRUE,Confidential,VARCHAR(16777216),,,,,,,,,
SAT_PEAK_POLICY,core,STATETENURESTARTDATE,,TRUE,Confidential,DATE,,,,,,,,,
SAT_PEAK_POLICY,core,STATUS,,TRUE,Confidential,VARCHAR(16777216),,,,,,,,,
SAT_PEAK_POLICY,core,SUPPRESSDOCUMENTOUTPUT,,TRUE,Confidential,VARCHAR(16777216),,,,,,,,,
SAT_PEAK_POLICY,core,TENUREPOLICYYEARS,,TRUE,Confidential,VARCHAR(16777216),,,,,,,,,
SAT_PEAK_POLICY,core,TERM,,TRUE,Confidential,"NUMBER(38,0)",,,,,,,,,
SAT_PEAK_POLICY,core,TERMFACTOR,,TRUE,Confidential,FLOAT,,,,,,,,,
SAT_PEAK_POLICY,core,TEXASPROXYSTATUS,,TRUE,Confidential,VARCHAR(16777216),,,,,,,,,
SAT_PEAK_POLICY,core,UMBRELLAREFERRAL,,TRUE,Confidential,VARCHAR(16777216),,,,,,,,,
SAT_PEAK_POLICY,core,WASBALANCEOVERRIDDEN,,TRUE,Confidential,VARCHAR(16777216),,,,,,,,,
SAT_PEAK_POLICY,core,WRITINGCOMPANY,,TRUE,Confidential,VARCHAR(16777216),,,,,,,,,
SAT_PEAK_POLICY,core,POLICY_HAS_POLICY_TRANSACTION_HK,,TRUE,Confidential,BINARY(16),,,,,,,,,
LNK_POLICY_TRANSACTION_INSURES_VEHICLE,core,POLICY_TRANSACTION_INSURES_VEHICLE_HK,,TRUE,Confidential,BINARY(16),"MD5 Checksum of POLICY_HK, VEHICLE_HK, RIKS_ID",POLICY_ID,VARCHAR(16777216),POLICY,PEAK_POLICY_CONFORMED,,WH_DBTVAULT_1,PEAK_POLICY_CONFORMED,Relational
LNK_POLICY_TRANSACTION_INSURES_VEHICLE,core,POLICY_TRANSACTION_INSURES_VEHICLE_HK,,TRUE,Confidential,BINARY(16),"MD5 Checksum of POLICY_HK, VEHICLE_HK, RIKS_ID",VEHICLE_ID,VARCHAR(16777216),VEHICLE,PEAK_POLICY_CONFORMED,,WH_DBTVAULT_1,PEAK_POLICY_CONFORMED,Relational
LNK_POLICY_TRANSACTION_INSURES_VEHICLE,core,LOAD_TIMESTAMP,CURRENT_TIMESTAMP(),TRUE,Confidential,TIMESTAMP,Set to system date and time at load.,,,,,,,,
LNK_POLICY_TRANSACTION_INSURES_VEHICLE,core,RECORD_SOURCE,'PEAK',TRUE,Confidential,VARCHAR(100),'PEAK',,,,,,,,
LNK_POLICY_TRANSACTION_INSURES_VEHICLE,core,VEHICLE_HK,,TRUE,Confidential,BINARY(16),,,,,,,,,
LNK_POLICY_TRANSACTION_INSURES_VEHICLE,core,POLICY_TRANSACTION_HK,,TRUE,Confidential,BINARY(16),,POLICYREADONLYHISTORYID,VARCHAR(16777216),TRANSACTION,PEAK_POLICY_CONFORMED,,WH_DBTVAULT_1,PEAK_POLICY_CONFORMED,Relational
LNK_POLICY_TRANSACTION_INSURES_VEHICLE,core,RISK_HK,,TRUE,Confidential,BINARY(16),MD5 of source,RISK_ID,VARCHAR(16777216),RISK_COVERAGE,PEAK_POLICY_CONFORMED,,WH_DBTVAULT_1,PEAK_POLICY_CONFORMED,Relational
LNK_POLICY_TRANSACTION_HAS_VEHICLE_COVERAGE,core,VEHICLE_HK," SELECT R.*        , V.VEHICLE_ID        , P.PRIMARYRATINGSTATE    FROM {{ source(""PEAK_POLICY_CONFORMED"", ""POLICY"") }}         AS P    INNER JOIN {{ source(""PEAK_POLICY_CONFORMED"", ""VEHICLE"") }}         AS V        ON P.POLICYREADONLYHISTORYID = V.POLICYREADONLYHISTORYID    INNER JOIN {{ source (""PEAK_POLICY_CONFORMED"", ""RISK_COVERAGE"") }}         AS R        ON V.POLICYREADONLYHISTORYID = R.POLICYREADONLYHISTORYID        AND V.RISK_ID = R.RISK_I",TRUE,Confidential,BINARY(16),Join risk_id to the vehicle table.,RISK_ID,VARCHAR(16777216),RISK_COVERAGE,PEAK_POLICY_CONFORMED,,WH_DBTVAULT_1,PEAK_POLICY_CONFORMED,Relational
LNK_POLICY_TRANSACTION_HAS_VEHICLE_COVERAGE,core,VEHICLE_HK," SELECT R.*        , V.VEHICLE_ID        , P.PRIMARYRATINGSTATE    FROM {{ source(""PEAK_POLICY_CONFORMED"", ""POLICY"") }}         AS P    INNER JOIN {{ source(""PEAK_POLICY_CONFORMED"", ""VEHICLE"") }}         AS V        ON P.POLICYREADONLYHISTORYID = V.POLICYREADONLYHISTORYID    INNER JOIN {{ source (""PEAK_POLICY_CONFORMED"", ""RISK_COVERAGE"") }}         AS R        ON V.POLICYREADONLYHISTORYID = R.POLICYREADONLYHISTORYID        AND V.RISK_ID = R.RISK_I",TRUE,Confidential,BINARY(16),Join risk_id to the vehicle table.,VEHICLE_ID,VARCHAR(16777216),VEHICLE,PEAK_POLICY_CONFORMED,,WH_DBTVAULT_1,PEAK_POLICY_CONFORMED,Relational
LNK_POLICY_TRANSACTION_HAS_VEHICLE_COVERAGE,core,COVERAGE_HK,,TRUE,Confidential,BINARY(16),"MD5 of coverage_code, limit_code, deductible_code, primaryratingstate ",COVERAGECODE,VARCHAR(16777216),RISK_COVERAGE,PEAK_POLICY_CONFORMED,,WH_DBTVAULT_1,PEAK_POLICY_CONFORMED,Relational
LNK_POLICY_TRANSACTION_HAS_VEHICLE_COVERAGE,core,COVERAGE_HK,,TRUE,Confidential,BINARY(16),"MD5 of coverage_code, limit_code, deductible_code, primaryratingstate ",DEDUCTIBLECODE,VARCHAR(16777216),RISK_COVERAGE,PEAK_POLICY_CONFORMED,,WH_DBTVAULT_1,PEAK_POLICY_CONFORMED,Relational
LNK_POLICY_TRANSACTION_HAS_VEHICLE_COVERAGE,core,COVERAGE_HK,,TRUE,Confidential,BINARY(16),"MD5 of coverage_code, limit_code, deductible_code, primaryratingstate ",LIMITCODE,,RISK_COVERAGE,PEAK_POLICY_CONFORMED,,WH_DBTVAULT_1,PEAK_POLICY_CONFORMED,Relational
LNK_POLICY_TRANSACTION_HAS_VEHICLE_COVERAGE,core,COVERAGE_HK,,TRUE,Confidential,BINARY(16),"MD5 of coverage_code, limit_code, deductible_code, primaryratingstate ",PRIMARYRATINGSTATE,VARCHAR(16777216),POLICY,PEAK_POLICY_CONFORMED,,WH_DBTVAULT_1,PEAK_POLICY_CONFORMED,Relational
LNK_POLICY_TRANSACTION_HAS_VEHICLE_COVERAGE,core,POLICY_TRANSACTION_HAS_VEHICLE_COVERAGE_HK,,TRUE,Confidential,BINARY(16),"MD5 checksum of  COVERAGE_HK, VEHICLE_HK, POLICY_HK, RISK_ID",,,,,,,,
LNK_POLICY_TRANSACTION_HAS_VEHICLE_COVERAGE,core,LOAD_TIMESTAMP,CURRENT_TIMESTAMP(),TRUE,Confidential,TIMESTAMP,Set to system date and time at load.,,,,,,,,
LNK_POLICY_TRANSACTION_HAS_VEHICLE_COVERAGE,core,RECORD_SOURCE,'PEAK',TRUE,Confidential,VARCHAR(100),'PEAK',,,,,,,,
LNK_POLICY_TRANSACTION_HAS_VEHICLE_COVERAGE,core,RISK_HK,,TRUE,Confidential,BINARY(16),,RISK_ID,VARCHAR(16777216),RISK_COVERAGE,PEAK_POLICY_CONFORMED,,WH_DBTVAULT_1,PEAK_POLICY_CONFORMED,Relational
LNK_POLICY_TRANSACTION_HAS_VEHICLE_COVERAGE,core,POLICY_TRANSACTION_HK,,TRUE,Confidential,BINARY(16),,POLICYREADONLYHISTORYID,VARCHAR(16777216),RISK_COVERAGE,PEAK_POLICY_CONFORMED,,WH_DBTVAULT_1,PEAK_POLICY_CONFORMED,Relational
HUB_VEHICLE,core,LOAD_TIMESTAMP,CURRENT_TIMESTAMP(),TRUE,Confidential,TIMESTAMP,Set to system date and time at load.,,,,,,,,
HUB_VEHICLE,core,RECORD_SOURCE,'PEAK',TRUE,Confidential,VARCHAR(100),'PEAK',,,,,,,,
HUB_VEHICLE,core,VEHICLE_HK,,TRUE,Confidential,BINARY(16),Set to MD5_Checksum(DV_POLICY_CONFORMED_PEAK.VEHICLE_VINSYMBOL.VEHICLE_ID,VEHICLE_ID,VARCHAR(16777216),VEHICLE,PEAK_POLICY_CONFORMED,,WH_DBTVAULT_1,PEAK_POLICY_CONFORMED,Relational
HUB_VEHICLE,core,VEHICLE_NK,,TRUE,Confidential,VARCHAR(16777216),Pass through.,VEHICLE_ID,VARCHAR(16777216),VEHICLE,PEAK_POLICY_CONFORMED,,WH_DBTVAULT_1,PEAK_POLICY_CONFORMED,Relational
HUB_COVERAGE,core,LOAD_TIMESTAMP,CURRENT_TIMESTAMP(),TRUE,Confidential,TIMESTAMP,Set to system date and time at load.,,,,,,,,
HUB_COVERAGE,core,RECORD_SOURCE,'PEAK',TRUE,Confidential,VARCHAR(100),'PEAK',,,,,,,,
HUB_COVERAGE,core,COVERAGE_HK,,TRUE,Confidential,BINARY(16),"MD5 of coverage_code, limit_code, deductible_code, state_code",,,,,,,,
HUB_COVERAGE,core,COVERAGE_CODE,,TRUE,Confidential,VARCHAR(20),,COVERAGECODE,VARCHAR(16777216),RISK_COVERAGE,PEAK_POLICY_CONFORMED,,WH_DBTVAULT_1,PEAK_POLICY_CONFORMED,Relational
HUB_COVERAGE,core,LIMIT_CODE,,TRUE,Confidential,VARCHAR(20),,LIMITCODE,,RISK_COVERAGE,PEAK_POLICY_CONFORMED,,WH_DBTVAULT_1,PEAK_POLICY_CONFORMED,Relational
HUB_COVERAGE,core,DEDUCTIBLE_CODE,,TRUE,Confidential,VARCHAR(20),,DEDUCTIBLECODE,VARCHAR(16777216),RISK_COVERAGE,PEAK_POLICY_CONFORMED,,WH_DBTVAULT_1,PEAK_POLICY_CONFORMED,Relational
HUB_COVERAGE,core,STATE_CODE,,TRUE,Confidential,VARCHAR(20),,PRIMARYRATINGSTATE,VARCHAR(16777216),POLICY,PEAK_POLICY_CONFORMED,,WH_DBTVAULT_1,PEAK_POLICY_CONFORMED,Relational
SAT_PEAK_VEHICLE_VINSYMBOL,core,HASHDIFF,,FALSE,Confidential,DATE,,,,,,,,,
SAT_PEAK_VEHICLE_VINSYMBOL,core,EFFECTIVE_TIMESTAMP,,FALSE,Confidential,TIMESTAMP,"Convert to timestamp with hour, minute and second set to 0.",EFFECTIVEDATE,DATE,TRANSACTION,PEAK_POLICY_CONFORMED,,WH_DBTVAULT_1,PEAK_POLICY_CONFORMED,Relational
SAT_PEAK_VEHICLE_VINSYMBOL,core,LOAD_TIMESTAMP,CURRENT_TIMESTAMP(),FALSE,Confidential,TIMESTAMP,Set to system date and time at load.,,,,,,,,
SAT_PEAK_VEHICLE_VINSYMBOL,core,RECORD_SOURCE,'PEAK',TRUE,Confidential,VARCHAR(100),'PEAK',,,,,,,,
SAT_PEAK_VEHICLE_VINSYMBOL,core,POLICY_TRANSACTION_INSURES_VEHICLE_HK,,TRUE,Confidential,BINARY(16),,,,,,,,,
SAT_PEAK_VEHICLE_VINSYMBOL,core,POLICY_NUMBER,,TRUE,Confidential,VARCHAR(16777216),,,,,,,,,
SAT_PEAK_VEHICLE_VINSYMBOL,core,POLICYREADONLYHISTORYID,,TRUE,Confidential,VARCHAR(16777216),,,,,,,,,
SAT_PEAK_VEHICLE_VINSYMBOL,core,INCLUDEDELETED,,TRUE,Confidential,BOOLEAN,,,,,,,,,
SAT_PEAK_VEHICLE_VINSYMBOL,core,PRODUCTKIND,,TRUE,Confidential,VARCHAR(16777216),,,,,,,,,
SAT_PEAK_VEHICLE_VINSYMBOL,core,RETRIEVEPOLICY_ID,,TRUE,Confidential,VARCHAR(16777216),,,,,,,,,
SAT_PEAK_VEHICLE_VINSYMBOL,core,DATA_ID,,TRUE,Confidential,VARCHAR(16777216),,,,,,,,,
SAT_PEAK_VEHICLE_VINSYMBOL,core,POLICY_ID,,TRUE,Confidential,VARCHAR(16777216),,,,,,,,,
SAT_PEAK_VEHICLE_VINSYMBOL,core,LINE_ID,,TRUE,Confidential,VARCHAR(16777216),,,,,,,,,
SAT_PEAK_VEHICLE_VINSYMBOL,core,LINE_CHANGE,,TRUE,Confidential,FLOAT,,,,,,,,,
SAT_PEAK_VEHICLE_VINSYMBOL,core,LINE_WRITTEN,,TRUE,Confidential,FLOAT,,,,,,,,,
SAT_PEAK_VEHICLE_VINSYMBOL,core,RISK_ID,,TRUE,Confidential,VARCHAR(16777216),,,,,,,,,
SAT_PEAK_VEHICLE_VINSYMBOL,core,RISK_DELETED,,TRUE,Confidential,BOOLEAN,,,,,,,,,
SAT_PEAK_VEHICLE_VINSYMBOL,core,VEHICLE_ID,,TRUE,Confidential,VARCHAR(16777216),,,,,,,,,
SAT_PEAK_VEHICLE_VINSYMBOL,core,VEHICLE_DELETED,,TRUE,Confidential,BOOLEAN,,,,,,,,,
SAT_PEAK_VEHICLE_VINSYMBOL,core,VINSYMBOL_ID,,TRUE,Confidential,VARCHAR(16777216),,,,,,,,,
SAT_PEAK_VEHICLE_VINSYMBOL,core,VINSYMBOL_DELETED,,TRUE,Confidential,BOOLEAN,,,,,,,,,
SAT_PEAK_VEHICLE_VINSYMBOL,core,ANTILOCKBRAKES,,TRUE,Confidential,VARCHAR(16777216),,,,,,,,,
SAT_PEAK_VEHICLE_VINSYMBOL,core,ANTILOCKBRAKETYPE,,TRUE,Confidential,VARCHAR(16777216),,,,,,,,,
SAT_PEAK_VEHICLE_VINSYMBOL,core,ANTITHEFTDEVICE,,TRUE,Confidential,VARCHAR(16777216),,,,,,,,,
SAT_PEAK_VEHICLE_VINSYMBOL,core,CLASSASSIGNMETHOD,,TRUE,Confidential,VARCHAR(16777216),,,,,,,,,
SAT_PEAK_VEHICLE_VINSYMBOL,core,CLASSCODE,,TRUE,Confidential,VARCHAR(16777216),,,,,,,,,
SAT_PEAK_VEHICLE_VINSYMBOL,core,COLLISIONSYMBOL,,TRUE,Confidential,VARCHAR(16777216),,,,,,,,,
SAT_PEAK_VEHICLE_VINSYMBOL,core,COLLISIONSYMBOLOVERRIDE,,TRUE,Confidential,VARCHAR(16777216),,,,,,,,,
SAT_PEAK_VEHICLE_VINSYMBOL,core,COMPREHENSIVESYMBOL,,TRUE,Confidential,VARCHAR(16777216),,,,,,,,,
SAT_PEAK_VEHICLE_VINSYMBOL,core,COMPREHENSIVESYMBOLOVERRIDE,,TRUE,Confidential,VARCHAR(16777216),,,,,,,,,
SAT_PEAK_VEHICLE_VINSYMBOL,core,COSTNEWWITHCUSTOMIZATIONS,,TRUE,Confidential,VARCHAR(16777216),,,,,,,,,
SAT_PEAK_VEHICLE_VINSYMBOL,core,DAYTIMERUNNINGLIGHTS,,TRUE,Confidential,VARCHAR(16777216),,,,,,,,,
SAT_PEAK_VEHICLE_VINSYMBOL,core,DESCRIPTION,,TRUE,Confidential,VARCHAR(16777216),,,,,,,,,
SAT_PEAK_VEHICLE_VINSYMBOL,core,ENGINETYPE,,TRUE,Confidential,VARCHAR(16777216),,,,,,,,,
SAT_PEAK_VEHICLE_VINSYMBOL,core,HASFAILEDVINVALIDATION,,TRUE,Confidential,VARCHAR(16777216),,,,,,,,,
SAT_PEAK_VEHICLE_VINSYMBOL,core,HIGHTHEFTVEHICLE,,TRUE,Confidential,VARCHAR(16777216),,,,,,,,,
SAT_PEAK_VEHICLE_VINSYMBOL,core,ISOBODYSTYLE,,TRUE,Confidential,VARCHAR(16777216),,,,,,,,,
SAT_PEAK_VEHICLE_VINSYMBOL,core,LASTCHANGEDCOLLISIONSYMBOL,,TRUE,Confidential,VARCHAR(16777216),,,,,,,,,
SAT_PEAK_VEHICLE_VINSYMBOL,core,LASTCHANGEDCOMPREHENSIVESYMBOL,,TRUE,Confidential,VARCHAR(16777216),,,,,,,,,
SAT_PEAK_VEHICLE_VINSYMBOL,core,LASTCHANGEDLIABILITYSYMBOL,,TRUE,Confidential,VARCHAR(16777216),,,,,,,,,
SAT_PEAK_VEHICLE_VINSYMBOL,core,LEGACYVEHICLETYPECODE,,TRUE,Confidential,VARCHAR(16777216),,,,,,,,,
SAT_PEAK_VEHICLE_VINSYMBOL,core,LIABILITYSYMBOL,,TRUE,Confidential,VARCHAR(16777216),,,,,,,,,
SAT_PEAK_VEHICLE_VINSYMBOL,core,LIABILITYSYMBOLOVERRIDE,,TRUE,Confidential,VARCHAR(16777216),,,,,,,,,
SAT_PEAK_VEHICLE_VINSYMBOL,core,MAKE,,TRUE,Confidential,VARCHAR(16777216),,,,,,,,,
SAT_PEAK_VEHICLE_VINSYMBOL,core,MODEL,,TRUE,Confidential,VARCHAR(16777216),,,,,,,,,
SAT_PEAK_VEHICLE_VINSYMBOL,core,PASSIVERESTRAINTDEVICE,,TRUE,Confidential,VARCHAR(16777216),,,,,,,,,
SAT_PEAK_VEHICLE_VINSYMBOL,core,PERFORMANCE,,TRUE,Confidential,VARCHAR(16777216),,,,,,,,,
SAT_PEAK_VEHICLE_VINSYMBOL,core,VEHICLERATINGCODE,,TRUE,Confidential,VARCHAR(16777216),,,,,,,,,
SAT_PEAK_VEHICLE_VINSYMBOL,core,VEHICLETYPE,,TRUE,Confidential,VARCHAR(16777216),,,,,,,,,
SAT_PEAK_VEHICLE_VINSYMBOL,core,VINEDITOVERRIDE,,TRUE,Confidential,VARCHAR(16777216),,,,,,,,,
SAT_PEAK_VEHICLE_VINSYMBOL,core,YEAR,,TRUE,Confidential,VARCHAR(16777216),,YEAR,VARCHAR(16777216),VEHICLE_VINSYMBOL,PEAK_POLICY_CONFORMED,,WH_DBTVAULT_1,PEAK_POLICY_CONFORMED,Relational
SAT_PEAK_RISK_COVERAGE,core,POLICY_TRANSACTION_HAS_VEHICLE_COVERAGE_HK,,TRUE,Confidential,BINARY(16),,,,,,,,,
SAT_PEAK_RISK_COVERAGE,core,HASHDIFF,,FALSE,Confidential,BINARY(16),,,,,,,,,
SAT_PEAK_RISK_COVERAGE,core,EFFECTIVE_TIMESTAMP,,FALSE,Confidential,TIMESTAMP,"Convert to timestamp with hour, minute and second set to 0.",EFFECTIVEDATE,DATE,RISK_COVERAGE,PEAK_POLICY_CONFORMED,,WH_DBTVAULT_1,PEAK_POLICY_CONFORMED,Relational
SAT_PEAK_RISK_COVERAGE,core,RECORD_SOURCE,'PEAK',TRUE,Confidential,VARCHAR(100),'PEAK',,,,,,,,
SAT_PEAK_RISK_COVERAGE,core,LOAD_TIMESTAMP,CURRENT_TIMESTAMP(),FALSE,Confidential,TIMESTAMP,Set to system date and time at load.,,,,,,,,
SAT_PEAK_RISK_COVERAGE,core,POLICY_NUMBER,,TRUE,Confidential,VARCHAR(16777216),Pass through,POLICY_NUMBER,VARCHAR(16777216),RISK_COVERAGE,PEAK_POLICY_CONFORMED,,WH_DBTVAULT_1,PEAK_POLICY_CONFORMED,Relational
SAT_PEAK_RISK_COVERAGE,core,POLICYREADONLYHISTORYID,,TRUE,Confidential,VARCHAR(16777216),Pass through,POLICYREADONLYHISTORYID,VARCHAR(16777216),RISK_COVERAGE,PEAK_POLICY_CONFORMED,,WH_DBTVAULT_1,PEAK_POLICY_CONFORMED,Relational
SAT_PEAK_RISK_COVERAGE,core,INCLUDEDELETED,,TRUE,Confidential,BOOLEAN,Pass through,INCLUDEDELETED,BOOLEAN,RISK_COVERAGE,PEAK_POLICY_CONFORMED,,WH_DBTVAULT_1,PEAK_POLICY_CONFORMED,Relational
SAT_PEAK_RISK_COVERAGE,core,PRODUCTKIND,,TRUE,Confidential,VARCHAR(16777216),Pass through,PRODUCTKIND,VARCHAR(16777216),RISK_COVERAGE,PEAK_POLICY_CONFORMED,,WH_DBTVAULT_1,PEAK_POLICY_CONFORMED,Relational
SAT_PEAK_RISK_COVERAGE,core,RETRIEVEPOLICY_ID,,TRUE,Confidential,VARCHAR(16777216),Pass through,RETRIEVEPOLICY_ID,VARCHAR(16777216),RISK_COVERAGE,PEAK_POLICY_CONFORMED,,WH_DBTVAULT_1,PEAK_POLICY_CONFORMED,Relational
SAT_PEAK_RISK_COVERAGE,core,DATA_ID,,TRUE,Confidential,VARCHAR(16777216),Pass through,DATA_ID,VARCHAR(16777216),RISK_COVERAGE,PEAK_POLICY_CONFORMED,,WH_DBTVAULT_1,PEAK_POLICY_CONFORMED,Relational
SAT_PEAK_RISK_COVERAGE,core,POLICY_ID,,TRUE,Confidential,VARCHAR(16777216),Pass through,POLICY_ID,VARCHAR(16777216),RISK_COVERAGE,PEAK_POLICY_CONFORMED,,WH_DBTVAULT_1,PEAK_POLICY_CONFORMED,Relational
SAT_PEAK_RISK_COVERAGE,core,LINE_ID,,TRUE,Confidential,VARCHAR(16777216),,LINE_ID,VARCHAR(16777216),RISK_COVERAGE,PEAK_POLICY_CONFORMED,,WH_DBTVAULT_1,PEAK_POLICY_CONFORMED,Relational
SAT_PEAK_RISK_COVERAGE,core,LINE_CHANGE,,TRUE,Confidential,FLOAT,Pass through,LINE_CHANGE,FLOAT,RISK_COVERAGE,PEAK_POLICY_CONFORMED,,WH_DBTVAULT_1,PEAK_POLICY_CONFORMED,Relational
SAT_PEAK_RISK_COVERAGE,core,LINE_WRITTEN,,TRUE,Confidential,FLOAT,,LINE_WRITTEN,FLOAT,RISK_COVERAGE,PEAK_POLICY_CONFORMED,,WH_DBTVAULT_1,PEAK_POLICY_CONFORMED,Relational
SAT_PEAK_RISK_COVERAGE,core,RISK_ID,,TRUE,Confidential,VARCHAR(16777216),Pass through,RISK_ID,VARCHAR(16777216),RISK_COVERAGE,PEAK_POLICY_CONFORMED,,WH_DBTVAULT_1,PEAK_POLICY_CONFORMED,Relational
SAT_PEAK_RISK_COVERAGE,core,RISK_DELETED,,TRUE,Confidential,BOOLEAN,Pass through,RISK_DELETED,BOOLEAN,RISK_COVERAGE,PEAK_POLICY_CONFORMED,,WH_DBTVAULT_1,PEAK_POLICY_CONFORMED,Relational
SAT_PEAK_RISK_COVERAGE,core,COVERAGE_ID,,TRUE,Confidential,VARCHAR(16777216),Pass through,COVERAGE_ID,VARCHAR(16777216),RISK_COVERAGE,PEAK_POLICY_CONFORMED,,WH_DBTVAULT_1,PEAK_POLICY_CONFORMED,Relational
SAT_PEAK_RISK_COVERAGE,core,COVERAGE_DELETED,,TRUE,Confidential,BOOLEAN,Pass through,COVERAGE_DELETED,BOOLEAN,RISK_COVERAGE,PEAK_POLICY_CONFORMED,,WH_DBTVAULT_1,PEAK_POLICY_CONFORMED,Relational
SAT_PEAK_RISK_COVERAGE,core,ACTION,,TRUE,Confidential,VARCHAR(16777216),Pass through,ACTION,VARCHAR(16777216),RISK_COVERAGE,PEAK_POLICY_CONFORMED,,WH_DBTVAULT_1,PEAK_POLICY_CONFORMED,Relational
SAT_PEAK_RISK_COVERAGE,core,CANCELPREM,,TRUE,Confidential,FLOAT,Pass through,CANCELPREM,FLOAT,RISK_COVERAGE,PEAK_POLICY_CONFORMED,,WH_DBTVAULT_1,PEAK_POLICY_CONFORMED,Relational
SAT_PEAK_RISK_COVERAGE,core,CHANGE,,TRUE,Confidential,FLOAT,Pass through,CHANGE,FLOAT,RISK_COVERAGE,PEAK_POLICY_CONFORMED,,WH_DBTVAULT_1,PEAK_POLICY_CONFORMED,Relational
SAT_PEAK_RISK_COVERAGE,core,COVERAGECODE,,TRUE,Confidential,VARCHAR(16777216),Pass through,COVERAGECODE,VARCHAR(16777216),RISK_COVERAGE,PEAK_POLICY_CONFORMED,,WH_DBTVAULT_1,PEAK_POLICY_CONFORMED,Relational
SAT_PEAK_RISK_COVERAGE,core,COVERAGELEVEL,,TRUE,Confidential,VARCHAR(16777216),Pass through,COVERAGELEVEL,VARCHAR(16777216),RISK_COVERAGE,PEAK_POLICY_CONFORMED,,WH_DBTVAULT_1,PEAK_POLICY_CONFORMED,Relational
SAT_PEAK_RISK_COVERAGE,core,EFFECTIVEDATE,,TRUE,Confidential,DATE,Pass through,EFFECTIVEDATE,DATE,RISK_COVERAGE,PEAK_POLICY_CONFORMED,,WH_DBTVAULT_1,PEAK_POLICY_CONFORMED,Relational
SAT_PEAK_RISK_COVERAGE,core,EFFECTIVETYPECODE,,TRUE,Confidential,VARCHAR(16777216),Pass through,EFFECTIVETYPECODE,VARCHAR(16777216),RISK_COVERAGE,PEAK_POLICY_CONFORMED,,WH_DBTVAULT_1,PEAK_POLICY_CONFORMED,Relational
SAT_PEAK_RISK_COVERAGE,core,INDICATOR,,TRUE,Confidential,BOOLEAN,Pass through,INDICATOR,TINYINT,RISK_COVERAGE,PEAK_POLICY_CONFORMED,,WH_DBTVAULT_1,PEAK_POLICY_CONFORMED,Relational
SAT_PEAK_RISK_COVERAGE,core,LASTCHANGEDACTION,,TRUE,Confidential,VARCHAR(16777216),,,,,,,,,
SAT_PEAK_RISK_COVERAGE,core,LASTCHANGEDDATE,,TRUE,Confidential,DATE,,,,,,,,,
SAT_PEAK_RISK_COVERAGE,core,LASTPREMIUMCHANGEDACTION,,TRUE,Confidential,VARCHAR(16777216),,,,,,,,,
SAT_PEAK_RISK_COVERAGE,core,LASTPREMIUMCHANGEDDATE,,TRUE,Confidential,DATE,,,,,,,,,
SAT_PEAK_RISK_COVERAGE,core,MANUALLYENTEREDPREMIUM,,TRUE,Confidential,FLOAT,,,,,,,,,
SAT_PEAK_RISK_COVERAGE,core,OFFSET,,TRUE,Confidential,FLOAT,,,,,,,,,
SAT_PEAK_RISK_COVERAGE,core,ONSET,,TRUE,Confidential,FLOAT,,,,,,,,,
SAT_PEAK_RISK_COVERAGE,core,PREMIUM,,TRUE,Confidential,FLOAT,,,,,,,,,
SAT_PEAK_RISK_COVERAGE,core,PREMIUMEFFECTIVETYPECODE,,TRUE,Confidential,VARCHAR(16777216),,,,,,,,,
SAT_PEAK_RISK_COVERAGE,core,PREMIUMREASONAMENDMENTCODE,,TRUE,Confidential,VARCHAR(16777216),,,,,,,,,
SAT_PEAK_RISK_COVERAGE,core,PRIOR,,TRUE,Confidential,FLOAT,,,,,,,,,
SAT_PEAK_RISK_COVERAGE,core,PRIORTERM,,TRUE,Confidential,FLOAT,,,,,,,,,
SAT_PEAK_RISK_COVERAGE,core,REASONAMENDMENTCODE,,TRUE,Confidential,VARCHAR(16777216),,,,,,,,,
SAT_PEAK_RISK_COVERAGE,core,TYPE,,TRUE,Confidential,VARCHAR(16777216),,,,,,,,,
SAT_PEAK_RISK_COVERAGE,core,WRITTEN,,TRUE,Confidential,FLOAT,,,,,,,,,
SAT_PEAK_RISK_COVERAGE,core,DEDUCTIBLE_ID,,TRUE,Confidential,VARCHAR(16777216),,,,,,,,,
SAT_PEAK_RISK_COVERAGE,core,DEDUCTIBLECODE,,TRUE,Confidential,VARCHAR(16777216),,,,,,,,,
SAT_PEAK_RISK_COVERAGE,core,LIMIT_ID,,TRUE,Confidential,VARCHAR(16777216),,,,,,,,,
SAT_PEAK_RISK_COVERAGE,core,LIMITCODE,,TRUE,Confidential,VARCHAR(16777216),,,,,,,,,
SAT_PEAK_VEHICLE_USAGEDETAILS,core,ESTIMATEDANNUALMILEAGE,,TRUE,Confidential,"NUMBER(38,0)",Pass through,ESTIMATEDANNUALMILEAGE,"NUMBER(38,0)",VEHICLE_USAGEDETAILS,PEAK_POLICY_CONFORMED,,WH_DBTVAULT_1,PEAK_POLICY_CONFORMED,Relational
SAT_PEAK_VEHICLE_USAGEDETAILS,core,ODOMETERREADING,,TRUE,Confidential,"NUMBER(38,0)",Pass through,ODOMETERREADING,"NUMBER(38,0)",VEHICLE_USAGEDETAILS,PEAK_POLICY_CONFORMED,,WH_DBTVAULT_1,PEAK_POLICY_CONFORMED,Relational
SAT_PEAK_VEHICLE_USAGEDETAILS,core,ODOMETERDATE,,TRUE,Confidential,DATE,Pass through,ODOMETERDATE,DATE,VEHICLE_USAGEDETAILS,PEAK_POLICY_CONFORMED,,WH_DBTVAULT_1,PEAK_POLICY_CONFORMED,Relational
SAT_PEAK_VEHICLE_USAGEDETAILS,core,POLICY_TRANSACTION_INSURES_VEHICLE_HK,,TRUE,Confidential,BINARY(16),MD5 checksum of the source keys,POLICY_NUMBER,VARCHAR(16777216),VEHICLE_USAGEDETAILS,PEAK_POLICY_CONFORMED,,WH_DBTVAULT_1,PEAK_POLICY_CONFORMED,Relational
SAT_PEAK_VEHICLE_USAGEDETAILS,core,POLICY_TRANSACTION_INSURES_VEHICLE_HK,,TRUE,Confidential,BINARY(16),MD5 checksum of the source keys,VEHICLE_ID,VARCHAR(16777216),VEHICLE_USAGEDETAILS,PEAK_POLICY_CONFORMED,,WH_DBTVAULT_1,PEAK_POLICY_CONFORMED,Relational
SAT_PEAK_VEHICLE_USAGEDETAILS,core,HASHDIFF,,FALSE,Confidential,BINARY(16),,,,,,,,,
SAT_PEAK_VEHICLE_USAGEDETAILS,core,EFFECTIVE_TIMESTAMP,,FALSE,Confidential,TIMESTAMP,"Convert to timestamp with hour, minute and second set to 0.",EFFECTIVEDATE,DATE,TRANSACTION,PEAK_POLICY_CONFORMED,,WH_DBTVAULT_1,PEAK_POLICY_CONFORMED,Relational
SAT_PEAK_VEHICLE_USAGEDETAILS,core,LOAD_TIMESTAMP,CURRENT_TIMESTAMP(),FALSE,Confidential,TIMESTAMP,Set to system date and time at load.,,,,,,,,
SAT_PEAK_VEHICLE_USAGEDETAILS,core,RECORD_SOURCE,'PEAK',TRUE,Confidential,VARCHAR(100),'PEAK',,,,,,,,
SAT_PEAK_VEHICLE_USAGEDETAILS,core,POLICY_NUMBER,,TRUE,Confidential,VARCHAR(16777216),,,,,,,,,
SAT_PEAK_VEHICLE_USAGEDETAILS,core,POLICYREADONLYHISTORYID,,TRUE,Confidential,VARCHAR(16777216),,,,,,,,,
SAT_PEAK_VEHICLE_USAGEDETAILS,core,INCLUDEDELETED,,TRUE,Confidential,BOOLEAN,,,,,,,,,
SAT_PEAK_VEHICLE_USAGEDETAILS,core,PRODUCTKIND,,TRUE,Confidential,VARCHAR(16777216),,,,,,,,,
SAT_PEAK_VEHICLE_USAGEDETAILS,core,RETRIEVEPOLICY_ID,,TRUE,Confidential,VARCHAR(16777216),,,,,,,,,
SAT_PEAK_VEHICLE_USAGEDETAILS,core,DATA_ID,,TRUE,Confidential,VARCHAR(16777216),,,,,,,,,
SAT_PEAK_VEHICLE_USAGEDETAILS,core,POLICY_ID,,TRUE,Confidential,VARCHAR(16777216),,,,,,,,,
SAT_PEAK_VEHICLE_USAGEDETAILS,core,LINE_ID,,TRUE,Confidential,VARCHAR(16777216),,,,,,,,,
SAT_PEAK_VEHICLE_USAGEDETAILS,core,LINE_CHANGE,,TRUE,Confidential,FLOAT,,,,,,,,,
SAT_PEAK_VEHICLE_USAGEDETAILS,core,LINE_WRITTEN,,TRUE,Confidential,FLOAT,,,,,,,,,
SAT_PEAK_VEHICLE_USAGEDETAILS,core,RISK_ID,,TRUE,Confidential,VARCHAR(16777216),,,,,,,,,
SAT_PEAK_VEHICLE_USAGEDETAILS,core,RISK_DELETED,,TRUE,Confidential,BOOLEAN,,,,,,,,,
SAT_PEAK_VEHICLE_USAGEDETAILS,core,VEHICLE_ID,,TRUE,Confidential,VARCHAR(16777216),,,,,,,,,
SAT_PEAK_VEHICLE_USAGEDETAILS,core,VEHICLE_DELETED,,TRUE,Confidential,BOOLEAN,,,,,,,,,
SAT_PEAK_VEHICLE_USAGEDETAILS,core,USAGEDETAILS_ID,,TRUE,Confidential,VARCHAR(16777216),,,,,,,,,
SAT_PEAK_VEHICLE_USAGEDETAILS,core,USAGEDETAILS_DELETED,,TRUE,Confidential,BOOLEAN,,,,,,,,,
SAT_PEAK_VEHICLE_USAGEDETAILS,core,ALLOTHERCLASSINDICATOR,,TRUE,Confidential,VARCHAR(16777216),,,,,,,,,
SAT_PEAK_VEHICLE_USAGEDETAILS,core,ANNUALMILEAGERANGE,,TRUE,Confidential,VARCHAR(16777216),,,,,,,,,
SAT_PEAK_VEHICLE_USAGEDETAILS,core,BUSINESSUSAGEPERCENTAGE,,TRUE,Confidential,VARCHAR(16777216),,,,,,,,,
SAT_PEAK_VEHICLE_USAGEDETAILS,core,BUSINESSUSAGETYPE,,TRUE,Confidential,VARCHAR(16777216),,,,,,,,,
SAT_PEAK_VEHICLE_USAGEDETAILS,core,CALCULATEDCOMMUTEMILEAGE,,TRUE,Confidential,"NUMBER(38,0)",,,,,,,,,
SAT_PEAK_VEHICLE_USAGEDETAILS,core,DAYSTOSCHOOL,,TRUE,Confidential,"NUMBER(38,0)",,,,,,,,,
SAT_PEAK_VEHICLE_USAGEDETAILS,core,DAYSTOWORK,,TRUE,Confidential,"NUMBER(38,0)",,,,,,,,,
SAT_PEAK_VEHICLE_USAGEDETAILS,core,EXCESSVEHICLEINDICATOR,,TRUE,Confidential,VARCHAR(16777216),,,,,,,,,
SAT_PEAK_VEHICLE_USAGEDETAILS,core,ISACCEPTABLEBUSINESSUSAGE,,TRUE,Confidential,VARCHAR(16777216),,,,,,,,,
SAT_PEAK_VEHICLE_USAGEDETAILS,core,ISVEHICLEELIGIBLE,,TRUE,Confidential,VARCHAR(16777216),,,,,,,,,
SAT_PEAK_VEHICLE_USAGEDETAILS,core,MILESTOSCHOOL,,TRUE,Confidential,"NUMBER(38,0)",,,,,,,,,
SAT_PEAK_VEHICLE_USAGEDETAILS,core,MILESTOWORK,,TRUE,Confidential,"NUMBER(38,0)",,,,,,,,,
SAT_PEAK_VEHICLE_USAGEDETAILS,core,PRIORTERMANNUALMILEAGE,,TRUE,Confidential,"NUMBER(38,0)",,,,,,,,,
SAT_PEAK_VEHICLE_USAGEDETAILS,core,RATINGVEHICLEUSE,,TRUE,Confidential,VARCHAR(16777216),,,,,,,,,
SAT_PEAK_VEHICLE_USAGEDETAILS,core,RVDAYSOFUSE,,TRUE,Confidential,"NUMBER(38,0)",,,,,,,,,
SAT_PEAK_VEHICLE_USAGEDETAILS,core,USAGE,,TRUE,Confidential,VARCHAR(16777216),,,,,,,,,
SAT_PEAK_VEHICLE_USAGEDETAILS,core,WASUSAGECHANGED,,TRUE,Confidential,VARCHAR(16777216),,,,,,,,,
SAT_PEAK_VEHICLE_VINSYMBOL_PII,core,VIN,,TRUE,Restricted General - PII Partial,VARCHAR(16777216),Pass through,VIN,VARCHAR(16777216),VEHICLE_VINSYMBOL,PEAK_POLICY_CONFORMED,,WH_DBTVAULT_1,PEAK_POLICY_CONFORMED,Relational
SAT_PEAK_VEHICLE_VINSYMBOL_PII,core,HASHDIFF,,FALSE,Confidential,BINARY(16),,,,,,,,,
SAT_PEAK_VEHICLE_VINSYMBOL_PII,core,EFFECTIVE_TIMESTAMP,,FALSE,Confidential,TIMESTAMP,"Convert to timestamp with hour, minute and second set to 0.",EFFECTIVEDATE,DATE,TRANSACTION,PEAK_POLICY_CONFORMED,,WH_DBTVAULT_1,PEAK_POLICY_CONFORMED,Relational
SAT_PEAK_VEHICLE_VINSYMBOL_PII,core,LOAD_TIMESTAMP,CURRENT_TIMESTAMP(),FALSE,Confidential,TIMESTAMP,Set to system date and time at load.,,,,,,,,
SAT_PEAK_VEHICLE_VINSYMBOL_PII,core,RECORD_SOURCE,'PEAK',TRUE,Confidential,VARCHAR(100),'PEAK',,,,,,,,
SAT_PEAK_VEHICLE_VINSYMBOL_PII,core,POLICY_TRANSACTION_INSURES_VEHICLE_HK,,TRUE,Confidential,BINARY(16),,,,,,,,,
SAT_PEAK_VEHICLE_REGISTRATIONOWNERSHIP,core,HASHDIFF,,FALSE,Confidential,BINARY(16),,,,,,,,,
SAT_PEAK_VEHICLE_REGISTRATIONOWNERSHIP,core,EFFECTIVE_TIMESTAMP,,FALSE,Confidential,TIMESTAMP,"Convert to timestamp with hour, minute and second set to 0.",EFFECTIVEDATE,DATE,TRANSACTION,PEAK_POLICY_CONFORMED,,WH_DBTVAULT_1,PEAK_POLICY_CONFORMED,Relational
SAT_PEAK_VEHICLE_REGISTRATIONOWNERSHIP,core,LOAD_TIMESTAMP,CURRENT_TIMESTAMP(),FALSE,Confidential,TIMESTAMP,Set to system date and time at load.,,,,,,,,
SAT_PEAK_VEHICLE_REGISTRATIONOWNERSHIP,core,RECORD_SOURCE,'PEAK',TRUE,Confidential,VARCHAR(100),'PEAK',,,,,,,,
SAT_PEAK_VEHICLE_REGISTRATIONOWNERSHIP,core,VEHICLEAGE,,TRUE,Confidential,VARCHAR(16777216),,,,,,,,,
SAT_PEAK_VEHICLE_REGISTRATIONOWNERSHIP,core,POLICY_NUMBER,,TRUE,Confidential,VARCHAR(16777216),,,,,,,,,
SAT_PEAK_VEHICLE_REGISTRATIONOWNERSHIP,core,POLICYREADONLYHISTORYID,,TRUE,Confidential,VARCHAR(16777216),,,,,,,,,
SAT_PEAK_VEHICLE_REGISTRATIONOWNERSHIP,core,INCLUDEDELETED,,TRUE,Confidential,BOOLEAN,,,,,,,,,
SAT_PEAK_VEHICLE_REGISTRATIONOWNERSHIP,core,PRODUCTKIND,,TRUE,Confidential,VARCHAR(16777216),,,,,,,,,
SAT_PEAK_VEHICLE_REGISTRATIONOWNERSHIP,core,RETRIEVEPOLICY_ID,,TRUE,Confidential,VARCHAR(16777216),,,,,,,,,
SAT_PEAK_VEHICLE_REGISTRATIONOWNERSHIP,core,DATA_ID,,TRUE,Confidential,VARCHAR(16777216),,,,,,,,,
SAT_PEAK_VEHICLE_REGISTRATIONOWNERSHIP,core,POLICY_ID,,TRUE,Confidential,VARCHAR(16777216),,,,,,,,,
SAT_PEAK_VEHICLE_REGISTRATIONOWNERSHIP,core,LINE_ID,,TRUE,Confidential,VARCHAR(16777216),,,,,,,,,
SAT_PEAK_VEHICLE_REGISTRATIONOWNERSHIP,core,LINE_CHANGE,,TRUE,Confidential,FLOAT,,,,,,,,,
SAT_PEAK_VEHICLE_REGISTRATIONOWNERSHIP,core,LINE_WRITTEN,,TRUE,Confidential,FLOAT,,,,,,,,,
SAT_PEAK_VEHICLE_REGISTRATIONOWNERSHIP,core,RISK_ID,,TRUE,Confidential,VARCHAR(16777216),,,,,,,,,
SAT_PEAK_VEHICLE_REGISTRATIONOWNERSHIP,core,RISK_DELETED,,TRUE,Confidential,BOOLEAN,,,,,,,,,
SAT_PEAK_VEHICLE_REGISTRATIONOWNERSHIP,core,VEHICLE_ID,,TRUE,Confidential,VARCHAR(16777216),,,,,,,,,
SAT_PEAK_VEHICLE_REGISTRATIONOWNERSHIP,core,VEHICLE_DELETED,,TRUE,Confidential,BOOLEAN,,,,,,,,,
SAT_PEAK_VEHICLE_REGISTRATIONOWNERSHIP,core,REGISTRATIONOWNERSHIP_ID,,TRUE,Confidential,VARCHAR(16777216),,,,,,,,,
SAT_PEAK_VEHICLE_REGISTRATIONOWNERSHIP,core,REGISTRATIONOWNERSHIP_DELETED,,TRUE,Confidential,BOOLEAN,,,,,,,,,
SAT_PEAK_VEHICLE_REGISTRATIONOWNERSHIP,core,BUSINESSOWNERCLIENTKEY,,TRUE,Confidential,VARCHAR(16777216),,,,,,,,,
SAT_PEAK_VEHICLE_REGISTRATIONOWNERSHIP,core,BUSINESSOWNERINDICATOR,,TRUE,Confidential,VARCHAR(16777216),,,,,,,,,
SAT_PEAK_VEHICLE_REGISTRATIONOWNERSHIP,core,CONTENTSVALUE,,TRUE,Confidential,FLOAT,,,,,,,,,
SAT_PEAK_VEHICLE_REGISTRATIONOWNERSHIP,core,COOWNER,,TRUE,Confidential,VARCHAR(16777216),,,,,,,,,
SAT_PEAK_VEHICLE_REGISTRATIONOWNERSHIP,core,COSTNEW,,TRUE,Confidential,FLOAT,,,,,,,,,
SAT_PEAK_VEHICLE_REGISTRATIONOWNERSHIP,core,ISNEWVEHICLE,,TRUE,Confidential,VARCHAR(16777216),,,,,,,,,
SAT_PEAK_VEHICLE_REGISTRATIONOWNERSHIP,core,ORIGINALOWNER,,TRUE,Confidential,VARCHAR(16777216),,,,,,,,,
SAT_PEAK_VEHICLE_REGISTRATIONOWNERSHIP,core,OWNER,,TRUE,Confidential,VARCHAR(16777216),,,,,,,,,
SAT_PEAK_VEHICLE_REGISTRATIONOWNERSHIP,core,OWNERSHIPTYPE,,TRUE,Confidential,VARCHAR(16777216),,,,,,,,,
SAT_PEAK_VEHICLE_REGISTRATIONOWNERSHIP,core,PURCHASEDATE,,TRUE,Confidential,DATE,,,,,,,,,
SAT_PEAK_VEHICLE_REGISTRATIONOWNERSHIP,core,PURCHASEPRICE,,TRUE,Confidential,FLOAT,,,,,,,,,
SAT_PEAK_VEHICLE_REGISTRATIONOWNERSHIP,core,REGISTEREDSTATE,,TRUE,Confidential,VARCHAR(16777216),,,,,,,,,
SAT_PEAK_VEHICLE_REGISTRATIONOWNERSHIP,core,TAGNUMBER,,TRUE,Restricted General - PII,VARCHAR(16777216),,,,,,,,,
SAT_PEAK_VEHICLE_REGISTRATIONOWNERSHIP,core,TAGSURRENDERDATE,,TRUE,Confidential,DATE,,,,,,,,,
SAT_PEAK_VEHICLE_REGISTRATIONOWNERSHIP,core,POLICY_TRANSACTION_INSURES_VEHICLE_HK,,TRUE,Confidential,BINARY(16),,,,,,,,,
SAT_PEAK_TRANSACTION,core,LOAD_TIMESTAMP,CURRENT_TIMESTAMP(),FALSE,Confidential,TIMESTAMP,Set to system date and time at load.,,,,,,,,
SAT_PEAK_TRANSACTION,core,EFFECTIVE_TIMESTAMP,,FALSE,Confidential,TIMESTAMP,"Convert to timestamp with hour, minute and second set to 0.",EFFECTIVEDATE,DATE,TRANSACTION,PEAK_POLICY_CONFORMED,,WH_DBTVAULT_1,PEAK_POLICY_CONFORMED,Relational
SAT_PEAK_TRANSACTION,core,HASHDIFF,,FALSE,Confidential,BINARY(16),,,,,,,,,
SAT_PEAK_TRANSACTION,core,RECORD_SOURCE,'PEAK',TRUE,Confidential,VARCHAR(100),'PEAK',,,,,,,,
SAT_PEAK_TRANSACTION,core,INCLUDEDELETED,,TRUE,Confidential,BOOLEAN,,INCLUDEDELETED,BOOLEAN,TRANSACTION,PEAK_POLICY_CONFORMED,,WH_DBTVAULT_1,PEAK_POLICY_CONFORMED,Relational
SAT_PEAK_TRANSACTION,core,PRODUCTKIND,,TRUE,Confidential,VARCHAR(16777216),,PRODUCTKIND,VARCHAR(16777216),TRANSACTION,PEAK_POLICY_CONFORMED,,WH_DBTVAULT_1,PEAK_POLICY_CONFORMED,Relational
SAT_PEAK_TRANSACTION,core,RETRIEVEPOLICY_ID,,TRUE,Confidential,VARCHAR(16777216),,RETRIEVEPOLICY_ID,VARCHAR(16777216),TRANSACTION,PEAK_POLICY_CONFORMED,,WH_DBTVAULT_1,PEAK_POLICY_CONFORMED,Relational
SAT_PEAK_TRANSACTION,core,DATA_ID,,TRUE,Confidential,VARCHAR(16777216),,DATA_ID,VARCHAR(16777216),TRANSACTION,PEAK_POLICY_CONFORMED,,WH_DBTVAULT_1,PEAK_POLICY_CONFORMED,Relational
SAT_PEAK_TRANSACTION,core,POLICYADMIN_ID,,TRUE,Confidential,VARCHAR(16777216),,POLICYADMIN_ID,VARCHAR(16777216),TRANSACTION,PEAK_POLICY_CONFORMED,,WH_DBTVAULT_1,PEAK_POLICY_CONFORMED,Relational
SAT_PEAK_TRANSACTION,core,TRANSACTIONS_ID,,TRUE,Confidential,VARCHAR(16777216),,TRANSACTIONS_ID,VARCHAR(16777216),TRANSACTION,PEAK_POLICY_CONFORMED,,WH_DBTVAULT_1,PEAK_POLICY_CONFORMED,Relational
SAT_PEAK_TRANSACTION,core,TRANSACTION_ID,,TRUE,Confidential,VARCHAR(16777216),,TRANSACTION_ID,VARCHAR(16777216),TRANSACTION,PEAK_POLICY_CONFORMED,,WH_DBTVAULT_1,PEAK_POLICY_CONFORMED,Relational
SAT_PEAK_TRANSACTION,core,CHARGE,,TRUE,Confidential,FLOAT,,CHARGE,FLOAT,TRANSACTION,PEAK_POLICY_CONFORMED,,WH_DBTVAULT_1,PEAK_POLICY_CONFORMED,Relational
SAT_PEAK_TRANSACTION,core,COMMITFAILURE,,TRUE,Confidential,BOOLEAN,,COMMITFAILURE,BOOLEAN,TRANSACTION,PEAK_POLICY_CONFORMED,,WH_DBTVAULT_1,PEAK_POLICY_CONFORMED,Relational
SAT_PEAK_TRANSACTION,core,COMMITSTATUS,,TRUE,Confidential,VARCHAR(16777216),,COMMITSTATUS,VARCHAR(16777216),TRANSACTION,PEAK_POLICY_CONFORMED,,WH_DBTVAULT_1,PEAK_POLICY_CONFORMED,Relational
SAT_PEAK_TRANSACTION,core,CONVERTEDTRANSACTIONTYPE,,TRUE,Confidential,VARCHAR(16777216),,CONVERTEDTRANSACTIONTYPE,VARCHAR(16777216),TRANSACTION,PEAK_POLICY_CONFORMED,,WH_DBTVAULT_1,PEAK_POLICY_CONFORMED,Relational
SAT_PEAK_TRANSACTION,core,CREATEDDATE,,TRUE,Confidential,TIMESTAMP_NTZ(9),,CREATEDDATE,TIMESTAMP_NTZ(9),TRANSACTION,PEAK_POLICY_CONFORMED,,WH_DBTVAULT_1,PEAK_POLICY_CONFORMED,Relational
SAT_PEAK_TRANSACTION,core,CREATEDUSER,,TRUE,Restricted General - PII,VARCHAR(16777216),,CREATEDUSER,VARCHAR(16777216),TRANSACTION,PEAK_POLICY_CONFORMED,,WH_DBTVAULT_1,PEAK_POLICY_CONFORMED,Relational
SAT_PEAK_TRANSACTION,core,DEPRECATEDBY,,TRUE,Confidential,VARCHAR(16777216),,DEPRECATEDBY,VARCHAR(16777216),TRANSACTION,PEAK_POLICY_CONFORMED,,WH_DBTVAULT_1,PEAK_POLICY_CONFORMED,Relational
SAT_PEAK_TRANSACTION,core,DESTINATIONPOLICYID,,TRUE,Confidential,VARCHAR(16777216),,DESTINATIONPOLICYID,VARCHAR(16777216),TRANSACTION,PEAK_POLICY_CONFORMED,,WH_DBTVAULT_1,PEAK_POLICY_CONFORMED,Relational
SAT_PEAK_TRANSACTION,core,EFFECTIVEDATE,,TRUE,Confidential,DATE,,EFFECTIVEDATE,DATE,TRANSACTION,PEAK_POLICY_CONFORMED,,WH_DBTVAULT_1,PEAK_POLICY_CONFORMED,Relational
SAT_PEAK_TRANSACTION,core,EXPIRATIONDATE,,TRUE,Confidential,DATE,,EXPIRATIONDATE,DATE,TRANSACTION,PEAK_POLICY_CONFORMED,,WH_DBTVAULT_1,PEAK_POLICY_CONFORMED,Relational
SAT_PEAK_TRANSACTION,core,GLOBALBUSINESSPROCESSID,,TRUE,Confidential,VARCHAR(16777216),,GLOBALBUSINESSPROCESSID,VARCHAR(16777216),TRANSACTION,PEAK_POLICY_CONFORMED,,WH_DBTVAULT_1,PEAK_POLICY_CONFORMED,Relational
SAT_PEAK_TRANSACTION,core,ISOUTOFSEQUENCE,,TRUE,Confidential,VARCHAR(16777216),,ISOUTOFSEQUENCE,VARCHAR(16777216),TRANSACTION,PEAK_POLICY_CONFORMED,,WH_DBTVAULT_1,PEAK_POLICY_CONFORMED,Relational
SAT_PEAK_TRANSACTION,core,ISSUEDDATE,,TRUE,Confidential,TIMESTAMP_NTZ(9),,ISSUEDDATE,TIMESTAMP_NTZ(9),TRANSACTION,PEAK_POLICY_CONFORMED,,WH_DBTVAULT_1,PEAK_POLICY_CONFORMED,Relational
SAT_PEAK_TRANSACTION,core,ISSUEDUSERNAME,,TRUE,Restricted General - PII,VARCHAR(16777216),,ISSUEDUSERNAME,VARCHAR(16777216),TRANSACTION,PEAK_POLICY_CONFORMED,,WH_DBTVAULT_1,PEAK_POLICY_CONFORMED,Relational
SAT_PEAK_TRANSACTION,core,ISVISIBLETOCUSTOMER,,TRUE,Confidential,VARCHAR(16777216),,ISVISIBLETOCUSTOMER,VARCHAR(16777216),TRANSACTION,PEAK_POLICY_CONFORMED,,WH_DBTVAULT_1,PEAK_POLICY_CONFORMED,Relational
SAT_PEAK_TRANSACTION,core,NEWPREMIUM,,TRUE,Confidential,FLOAT,,NEWPREMIUM,FLOAT,TRANSACTION,PEAK_POLICY_CONFORMED,,WH_DBTVAULT_1,PEAK_POLICY_CONFORMED,Relational
SAT_PEAK_TRANSACTION,core,OFFSETDATE,,TRUE,Confidential,DATE,,OFFSETDATE,DATE,TRANSACTION,PEAK_POLICY_CONFORMED,,WH_DBTVAULT_1,PEAK_POLICY_CONFORMED,Relational
SAT_PEAK_TRANSACTION,core,ONSETBY,,TRUE,Confidential,VARCHAR(16777216),,ONSETBY,VARCHAR(16777216),TRANSACTION,PEAK_POLICY_CONFORMED,,WH_DBTVAULT_1,PEAK_POLICY_CONFORMED,Relational
SAT_PEAK_TRANSACTION,core,ORIGINALCHARGE,,TRUE,Confidential,FLOAT,,ORIGINALCHARGE,FLOAT,TRANSACTION,PEAK_POLICY_CONFORMED,,WH_DBTVAULT_1,PEAK_POLICY_CONFORMED,Relational
SAT_PEAK_TRANSACTION,core,ORIGINALEFFECTIVEDATE,,TRUE,Confidential,DATE,,ORIGINALEFFECTIVEDATE,DATE,TRANSACTION,PEAK_POLICY_CONFORMED,,WH_DBTVAULT_1,PEAK_POLICY_CONFORMED,Relational
SAT_PEAK_TRANSACTION,core,ORIGINALID,,TRUE,Confidential,VARCHAR(16777216),,ORIGINALID,VARCHAR(16777216),TRANSACTION,PEAK_POLICY_CONFORMED,,WH_DBTVAULT_1,PEAK_POLICY_CONFORMED,Relational
SAT_PEAK_TRANSACTION,core,POLICYMANUSCRIPTID,,TRUE,Confidential,VARCHAR(16777216),,POLICYMANUSCRIPTID,VARCHAR(16777216),TRANSACTION,PEAK_POLICY_CONFORMED,,WH_DBTVAULT_1,PEAK_POLICY_CONFORMED,Relational
SAT_PEAK_TRANSACTION,core,POLICYNUMBER,,TRUE,Confidential,VARCHAR(16777216),,POLICYNUMBER,VARCHAR(16777216),TRANSACTION,PEAK_POLICY_CONFORMED,,WH_DBTVAULT_1,PEAK_POLICY_CONFORMED,Relational
SAT_PEAK_TRANSACTION,core,POLICYSTATUS,,TRUE,Confidential,VARCHAR(16777216),,POLICYSTATUS,VARCHAR(16777216),TRANSACTION,PEAK_POLICY_CONFORMED,,WH_DBTVAULT_1,PEAK_POLICY_CONFORMED,Relational
SAT_PEAK_TRANSACTION,core,PREVIOUSHISTORYID,CAST(%ColmnName AS VARCHAR(16777216)),TRUE,Confidential,VARCHAR(16777216),CAST(SOURCE COLUMN TO VARCHAR(16777216)),PREVIOUSHISTORYID,"NUMBER(38,0)",TRANSACTION,PEAK_POLICY_CONFORMED,,WH_DBTVAULT_1,PEAK_POLICY_CONFORMED,Relational
SAT_PEAK_TRANSACTION,core,PRIORPREMIUM,,TRUE,Confidential,FLOAT,,PRIORPREMIUM,FLOAT,TRANSACTION,PEAK_POLICY_CONFORMED,,WH_DBTVAULT_1,PEAK_POLICY_CONFORMED,Relational
SAT_PEAK_TRANSACTION,core,PRODUCT,,TRUE,Confidential,VARCHAR(16777216),,PRODUCT,VARCHAR(16777216),TRANSACTION,PEAK_POLICY_CONFORMED,,WH_DBTVAULT_1,PEAK_POLICY_CONFORMED,Relational
SAT_PEAK_TRANSACTION,core,PRODUCTISREADONLY,,TRUE,Confidential,BOOLEAN,,PRODUCTISREADONLY,BOOLEAN,TRANSACTION,PEAK_POLICY_CONFORMED,,WH_DBTVAULT_1,PEAK_POLICY_CONFORMED,Relational
SAT_PEAK_TRANSACTION,core,PRORATEFACTOR,,TRUE,Confidential,FLOAT,,PRORATEFACTOR,FLOAT,TRANSACTION,PEAK_POLICY_CONFORMED,,WH_DBTVAULT_1,PEAK_POLICY_CONFORMED,Relational
SAT_PEAK_TRANSACTION,core,QUOTETYPE,,TRUE,Confidential,VARCHAR(16777216),,QUOTETYPE,VARCHAR(16777216),TRANSACTION,PEAK_POLICY_CONFORMED,,WH_DBTVAULT_1,PEAK_POLICY_CONFORMED,Relational
SAT_PEAK_TRANSACTION,core,RATINGACTIVITYID,,TRUE,Confidential,VARCHAR(16777216),,RATINGACTIVITYID,VARCHAR(16777216),TRANSACTION,PEAK_POLICY_CONFORMED,,WH_DBTVAULT_1,PEAK_POLICY_CONFORMED,Relational
SAT_PEAK_TRANSACTION,core,REPLACEMENTID,,TRUE,Confidential,VARCHAR(16777216),,REPLACEMENTID,VARCHAR(16777216),TRANSACTION,PEAK_POLICY_CONFORMED,,WH_DBTVAULT_1,PEAK_POLICY_CONFORMED,Relational
SAT_PEAK_TRANSACTION,core,REVISIONOF,,TRUE,Confidential,VARCHAR(16777216),,REVISIONOF,VARCHAR(16777216),TRANSACTION,PEAK_POLICY_CONFORMED,,WH_DBTVAULT_1,PEAK_POLICY_CONFORMED,Relational
SAT_PEAK_TRANSACTION,core,SCHEDULEDATE,,TRUE,Confidential,DATE,,SCHEDULEDATE,DATE,TRANSACTION,PEAK_POLICY_CONFORMED,,WH_DBTVAULT_1,PEAK_POLICY_CONFORMED,Relational
SAT_PEAK_TRANSACTION,core,SHORTRATEFACTOR,,TRUE,Confidential,FLOAT,,SHORTRATEFACTOR,FLOAT,TRANSACTION,PEAK_POLICY_CONFORMED,,WH_DBTVAULT_1,PEAK_POLICY_CONFORMED,Relational
SAT_PEAK_TRANSACTION,core,SOURCEPOLICYID,,TRUE,Confidential,VARCHAR(16777216),,SOURCEPOLICYID,VARCHAR(16777216),TRANSACTION,PEAK_POLICY_CONFORMED,,WH_DBTVAULT_1,PEAK_POLICY_CONFORMED,Relational
SAT_PEAK_TRANSACTION,core,STATE,,TRUE,Confidential,VARCHAR(16777216),,STATE,VARCHAR(16777216),TRANSACTION,PEAK_POLICY_CONFORMED,,WH_DBTVAULT_1,PEAK_POLICY_CONFORMED,Relational
SAT_PEAK_TRANSACTION,core,STATUS,,TRUE,Confidential,VARCHAR(16777216),,STATUS,VARCHAR(16777216),TRANSACTION,PEAK_POLICY_CONFORMED,,WH_DBTVAULT_1,PEAK_POLICY_CONFORMED,Relational
SAT_PEAK_TRANSACTION,core,STATUSUSER,,TRUE,Restricted General - PII,VARCHAR(16777216),,STATUSUSER,VARCHAR(16777216),TRANSACTION,PEAK_POLICY_CONFORMED,,WH_DBTVAULT_1,PEAK_POLICY_CONFORMED,Relational
SAT_PEAK_TRANSACTION,core,STATUSUSERCONTEXT,,TRUE,Confidential,VARCHAR(16777216),,STATUSUSERCONTEXT,VARCHAR(16777216),TRANSACTION,PEAK_POLICY_CONFORMED,,WH_DBTVAULT_1,PEAK_POLICY_CONFORMED,Relational
SAT_PEAK_TRANSACTION,core,TERMEFFECTIVEDATE,,TRUE,Confidential,DATE,,TERMEFFECTIVEDATE,DATE,TRANSACTION,PEAK_POLICY_CONFORMED,,WH_DBTVAULT_1,PEAK_POLICY_CONFORMED,Relational
SAT_PEAK_TRANSACTION,core,TERMPREMIUM,,TRUE,Confidential,FLOAT,,TERMPREMIUM,FLOAT,TRANSACTION,PEAK_POLICY_CONFORMED,,WH_DBTVAULT_1,PEAK_POLICY_CONFORMED,Relational
SAT_PEAK_TRANSACTION,core,TRANSACTIONDATE,,TRUE,Confidential,TIMESTAMP_NTZ(9),,TRANSACTIONDATE,TIMESTAMP_NTZ(9),TRANSACTION,PEAK_POLICY_CONFORMED,,WH_DBTVAULT_1,PEAK_POLICY_CONFORMED,Relational
SAT_PEAK_TRANSACTION,core,TYPE,,TRUE,Confidential,VARCHAR(16777216),,TYPE,VARCHAR(16777216),TRANSACTION,PEAK_POLICY_CONFORMED,,WH_DBTVAULT_1,PEAK_POLICY_CONFORMED,Relational
SAT_PEAK_TRANSACTION,core,TYPECAPTION,,TRUE,Confidential,VARCHAR(16777216),,TYPECAPTION,VARCHAR(16777216),TRANSACTION,PEAK_POLICY_CONFORMED,,WH_DBTVAULT_1,PEAK_POLICY_CONFORMED,Relational
SAT_PEAK_TRANSACTION,core,WAIVECHARGECHECK,,TRUE,Confidential,BOOLEAN,,WAIVECHARGECHECK,BOOLEAN,TRANSACTION,PEAK_POLICY_CONFORMED,,WH_DBTVAULT_1,PEAK_POLICY_CONFORMED,Relational
SAT_PEAK_TRANSACTION,core,POLICY_TRANSACTION_HAS_POLICY_TRANSACTION_HK,,TRUE,Confidential,BINARY(16),,,,,,,,,
SAT_PEAK_VEHICLE,core,HASHDIFF,,FALSE,Confidential,BINARY(16),,,,,,,,,
SAT_PEAK_VEHICLE,core,EFFECTIVE_TIMESTAMP,,FALSE,Confidential,TIMESTAMP,"Convert to timestamp with hour, minute and second set to 0.",EFFECTIVEDATE,DATE,VEHICLE,PEAK_POLICY_CONFORMED,,WH_DBTVAULT_1,PEAK_POLICY_CONFORMED,Relational
SAT_PEAK_VEHICLE,core,LOAD_TIMESTAMP,CURRENT_TIMESTAMP(),FALSE,Confidential,TIMESTAMP,Set to system date and time at load.,,,,,,,,
SAT_PEAK_VEHICLE,core,RECORD_SOURCE,'PEAK',TRUE,Confidential,VARCHAR(100),'PEAK',,,,,,,,
SAT_PEAK_VEHICLE,core,POLICY_NUMBER,,TRUE,Confidential,VARCHAR(16777216),,,,,,,,,
SAT_PEAK_VEHICLE,core,POLICYREADONLYHISTORYID,,TRUE,Confidential,VARCHAR(16777216),,,,,,,,,
SAT_PEAK_VEHICLE,core,INCLUDEDELETED,,TRUE,Confidential,BOOLEAN,,,,,,,,,
SAT_PEAK_VEHICLE,core,PRODUCTKIND,,TRUE,Confidential,VARCHAR(16777216),,,,,,,,,
SAT_PEAK_VEHICLE,core,RETRIEVEPOLICY_ID,,TRUE,Confidential,VARCHAR(16777216),,,,,,,,,
SAT_PEAK_VEHICLE,core,DATA_ID,,TRUE,Confidential,VARCHAR(16777216),,,,,,,,,
SAT_PEAK_VEHICLE,core,POLICY_ID,,TRUE,Confidential,VARCHAR(16777216),,,,,,,,,
SAT_PEAK_VEHICLE,core,LINE_ID,,TRUE,Confidential,VARCHAR(16777216),,,,,,,,,
SAT_PEAK_VEHICLE,core,LINE_CHANGE,,TRUE,Confidential,FLOAT,,,,,,,,,
SAT_PEAK_VEHICLE,core,LINE_WRITTEN,,TRUE,Confidential,FLOAT,,,,,,,,,
SAT_PEAK_VEHICLE,core,RISK_ID,,TRUE,Confidential,VARCHAR(16777216),,,,,,,,,
SAT_PEAK_VEHICLE,core,RISK_DELETED,,TRUE,Confidential,BOOLEAN,,,,,,,,,
SAT_PEAK_VEHICLE,core,VEHICLE_ID,,TRUE,Confidential,VARCHAR(16777216),,,,,,,,,
SAT_PEAK_VEHICLE,core,VEHICLE_DELETED,,TRUE,Confidential,BOOLEAN,,,,,,,,,
SAT_PEAK_VEHICLE,core,ACTION,,TRUE,Confidential,VARCHAR(16777216),,,,,,,,,
SAT_PEAK_VEHICLE,core,ASSIGNEDDRIVER,,TRUE,Confidential,VARCHAR(16777216),,,,,,,,,
SAT_PEAK_VEHICLE,core,EFFECTIVEDATE,,TRUE,Confidential,DATE,,,,,,,,,
SAT_PEAK_VEHICLE,core,EFFECTIVETYPECODE,,TRUE,Confidential,VARCHAR(16777216),,,,,,,,,
SAT_PEAK_VEHICLE,core,LASTCHANGEDACTION,,TRUE,Confidential,VARCHAR(16777216),,,,,,,,,
SAT_PEAK_VEHICLE,core,LASTCHANGEDDATE,,TRUE,Confidential,DATE,,,,,,,,,
SAT_PEAK_VEHICLE,core,REASONAMENDMENTCODE,,TRUE,Confidential,VARCHAR(16777216),,,,,,,,,
SAT_PEAK_VEHICLE,core,REMOVALREASON,,TRUE,Confidential,VARCHAR(16777216),,,,,,,,,
SAT_PEAK_VEHICLE,core,REMOVEDDATE,,TRUE,Confidential,DATE,,,,,,,,,
SAT_PEAK_VEHICLE,core,REPLACEDVEHICLEID,,TRUE,Confidential,VARCHAR(16777216),,,,,,,,,
SAT_PEAK_VEHICLE,core,STORAGEPLAN,,TRUE,Confidential,VARCHAR(16777216),,,,,,,,,
SAT_PEAK_VEHICLE,core,VEHICLEHISTORYDAMAGEDCODE,,TRUE,Confidential,VARCHAR(16777216),,,,,,,,,
SAT_PEAK_VEHICLE,core,VEHICLEHISTORYDAMAGEDIMPACTCODE,,TRUE,Confidential,VARCHAR(16777216),,,,,,,,,
SAT_PEAK_VEHICLE,core,VEHICLEHISTORYORDERDATE,,TRUE,Confidential,DATE,,,,,,,,,
SAT_PEAK_VEHICLE,core,VEHICLEHISTORYRATEBOOKDATE,,TRUE,Confidential,DATE,,,,,,,,,
SAT_PEAK_VEHICLE,core,VEHICLEHISTORYTITLETRANSFERREDCODE,,TRUE,Confidential,VARCHAR(16777216),,,,,,,,,
SAT_PEAK_VEHICLE,core,VEHICLEHISTORYTITLETRANSFERREDIMPACTCODE,,TRUE,Confidential,VARCHAR(16777216),,,,,,,,,
SAT_PEAK_VEHICLE,core,VEHICLELOCATION,,TRUE,Confidential,VARCHAR(16777216),,,,,,,,,
SAT_PEAK_VEHICLE,core,VEHICLENUMBER,,TRUE,Confidential,"NUMBER(38,0)",,,,,,,,,
SAT_PEAK_VEHICLE,core,POLICY_TRANSACTION_INSURES_VEHICLE_HK,,TRUE,Confidential,BINARY(16),,,,,,,,,
HUB_REFERENCE_RULE,core,LOAD_TIMESTAMP,CURRENT_TIMESTAMP(),TRUE,Confidential,TIMESTAMP,Set to system date and time at load.,,,,,,,,
HUB_REFERENCE_RULE,core,RECORD_SOURCE,'PEAK',TRUE,Confidential,VARCHAR(100),'PEAK',,,,,,,,
HUB_REFERENCE_RULE,core,HUB_REFERENCE_RULE_HK,,TRUE,Confidential,BINARY(16), MD5 checksum of the REFERENCE_RULE_TABLE_NAME column value,,,,,,,,
HUB_REFERENCE_RULE,core,REFERENCE_RULE_TABLE_NAME,,TRUE,Confidential,VARCHAR(300),Set value to the name of each Satellite Table.  There will be  one row in this hub for each satellite table.,,,,,,,,
SAT_RDS_COV_DED_LIT,core,HASHDIFF,,FALSE,Confidential,VARCHAR(20),,,,,,,,,
SAT_RDS_COV_DED_LIT,core,EFFECTIVE_TIMESTAMP,,FALSE,Confidential,TIMESTAMP,Set to system date and time at load.,,,,,,,,
SAT_RDS_COV_DED_LIT,core,LOAD_TIMESTAMP,CURRENT_TIMESTAMP(),FALSE,Confidential,TIMESTAMP,Set to system date and time at load.,,,,,,,,
SAT_RDS_COV_DED_LIT,core,RECORD_SOURCE,'PEAK',TRUE,Confidential,VARCHAR(100),'PEAK',,,,,,,,
SAT_RDS_COV_DED_LIT,core,HUB_REFERENCE_RULE_HK,,TRUE,Confidential,BINARY(16),MD5 checksum of the name of this table,,,,,,,,
SAT_RDS_COV_DED_LIT,core,VEH_COV_DED_CD,,TRUE,Confidential,VARCHAR(4),,,,,,,,,
SAT_RDS_COV_DED_LIT,core,RISK_STATE_CD,,TRUE,Confidential,VARCHAR(3),,,,,,,,,
SAT_RDS_COV_DED_LIT,core,PROJECT_ID,,TRUE,Confidential,VARCHAR(20),,,,,,,,,
SAT_RDS_COV_DED_LIT,core,PADL_DED_DES,,TRUE,Confidential,VARCHAR(35),,,,,,,,,
SAT_RDS_COV_DED_LIT,core,LGG_CD2,,TRUE,Confidential,VARCHAR(2),,,,,,,,,
SAT_RDS_COV_DED_LIT,core,LEGACY_DED_DESC,,TRUE,Confidential,VARCHAR(100),,,,,,,,,
SAT_RDS_COV_DED_LIT,core,BUS_SRC_APP_ID,,TRUE,Confidential,VARCHAR(8),,,,,,,,,
SAT_RDS_COV_DED_LIT,core,ACTION_IND,,TRUE,Confidential,VARCHAR(1),,,,,,,,,
SAT_RDS_COV_LIMIT_LIT,core,HASHDIFF,,FALSE,Confidential,VARCHAR(20),,,,,,,,,
SAT_RDS_COV_LIMIT_LIT,core,EFFECTIVE_TIMESTAMP,,FALSE,Confidential,TIMESTAMP,Set to system date and time at load.,,,,,,,,
SAT_RDS_COV_LIMIT_LIT,core,LOAD_TIMESTAMP,CURRENT_TIMESTAMP(),FALSE,Confidential,TIMESTAMP,Set to system date and time at load.,,,,,,,,
SAT_RDS_COV_LIMIT_LIT,core,RECORD_SOURCE,'PEAK',TRUE,Confidential,VARCHAR(100),'PEAK',,,,,,,,
SAT_RDS_COV_LIMIT_LIT,core,HUB_REFERENCE_RULE_HK,,TRUE,Confidential,BINARY(16),MD5 checksum of the table name,,,,,,,,
SAT_RDS_COV_LIMIT_LIT,core,RISK_STATE_CD,,TRUE,Confidential,VARCHAR(3),,,,,,,,,
SAT_RDS_COV_LIMIT_LIT,core,VEH_COV_LIM_CD,,TRUE,Confidential,VARCHAR(6),,,,,,,,,
SAT_RDS_COV_LIMIT_LIT,core,PA_VEH_COV_CD,,TRUE,Confidential,VARCHAR(4),,,,,,,,,
SAT_RDS_COV_LIMIT_LIT,core,BUS_SRC_APP_ID,,TRUE,Confidential,VARCHAR(8),,,,,,,,,
SAT_RDS_COV_LIMIT_LIT,core,LGG_CD2,,TRUE,Confidential,VARCHAR(2),,,,,,,,,
SAT_RDS_COV_LIMIT_LIT,core,PALL_LIMIT_DES,,TRUE,Confidential,VARCHAR(35),,,,,,,,,
SAT_RDS_COV_LIMIT_LIT,core,LEGACY_LIMIT_DESC,,TRUE,Confidential,VARCHAR(100),,,,,,,,,
SAT_RDS_COV_LIMIT_LIT,core,LIMIT_WGT_NBR,,TRUE,Confidential,NUMERIC(38),,,,,,,,,
SAT_RDS_COV_LIMIT_LIT,core,PROJECT_ID,,TRUE,Confidential,VARCHAR(20),,,,,,,,,
SAT_RDS_COV_LIMIT_LIT,core,ACTION_IND,,TRUE,Confidential,VARCHAR(1),,,,,,,,,
SAT_RDS_COV_MNEMONICS,core,HASHDIFF,,FALSE,Confidential,VARCHAR(20),,,,,,,,,
SAT_RDS_COV_MNEMONICS,core,EFFECTIVE_TIMESTAMP,,FALSE,Confidential,TIMESTAMP,Set to system date and time at load.,,,,,,,,
SAT_RDS_COV_MNEMONICS,core,LOAD_TIMESTAMP,CURRENT_TIMESTAMP(),FALSE,Confidential,TIMESTAMP,Set to system date and time at load.,,,,,,,,
SAT_RDS_COV_MNEMONICS,core,RECORD_SOURCE,'PEAK',TRUE,Confidential,VARCHAR(100),'PEAK',,,,,,,,
SAT_RDS_COV_MNEMONICS,core,HUB_REFERENCE_RULE_HK,,TRUE,Confidential,BINARY(16),MD5 checksum of the name of this table,,,,,,,,
SAT_RDS_COV_MNEMONICS,core,RISK_STATE_CD,,TRUE,Confidential,VARCHAR(3),,,,,,,,,
SAT_RDS_COV_MNEMONICS,core,PA_VEH_COV_CD,,TRUE,Confidential,VARCHAR(4),,,,,,,,,
SAT_RDS_COV_MNEMONICS,core,BUS_SRC_APP_ID,,TRUE,Confidential,VARCHAR(8),,,,,,,,,
SAT_RDS_COV_MNEMONICS,core,LGG_CD2,,TRUE,Confidential,VARCHAR(2),,,,,,,,,
SAT_RDS_COV_MNEMONICS,core,PVCL_VEH_COV_DES,,TRUE,Confidential,VARCHAR(30),,,,,,,,,
SAT_RDS_COV_MNEMONICS,core,SHORT_COV_DES,,TRUE,Confidential,VARCHAR(7),,,,,,,,,
SAT_RDS_COV_MNEMONICS,core,COV_POS,,TRUE,Confidential,VARCHAR(3),,,,,,,,,
SAT_RDS_COV_MNEMONICS,core,LEGACY_COV_BACS_CD,,TRUE,Confidential,VARCHAR(1),,,,,,,,,
SAT_RDS_COV_MNEMONICS,core,LEGACY_COV_DESC,,TRUE,Confidential,VARCHAR(30),,,,,,,,,
SAT_RDS_COV_MNEMONICS,core,DSPLY_LEVEL_CD,,TRUE,Confidential,VARCHAR(1),,,,,,,,,
SAT_RDS_COV_MNEMONICS,core,STATED_AMT_IND,,TRUE,Confidential,VARCHAR(1),,,,,,,,,
SAT_RDS_COV_MNEMONICS,core,NON_DED_DESC_IND,,TRUE,Confidential,VARCHAR(1),,,,,,,,,
SAT_RDS_COV_MNEMONICS,core,PROJECT_ID,,TRUE,Confidential,VARCHAR(20),,,,,,,,,
SAT_RDS_COV_MNEMONICS,core,ACTION_IND,,TRUE,Confidential,VARCHAR(),,,,,,,,,
SAT_RDS_PRODCT_RSK_TYP_TBL,core,HASHDIFF,,FALSE,Confidential,VARCHAR(20),,,,,,,,,
SAT_RDS_PRODCT_RSK_TYP_TBL,core,EFFECTIVE_TIMESTAMP,,FALSE,Confidential,TIMESTAMP,Set to system date and time at load.,,,,,,,,
SAT_RDS_PRODCT_RSK_TYP_TBL,core,LOAD_TIMESTAMP,CURRENT_TIMESTAMP(),FALSE,Confidential,TIMESTAMP,Set to system date and time at load.,,,,,,,,
SAT_RDS_PRODCT_RSK_TYP_TBL,core,RECORD_SOURCE,'PEAK',TRUE,Confidential,VARCHAR(100),'PEAK',,,,,,,,
SAT_RDS_PRODCT_RSK_TYP_TBL,core,HUB_REFERENCE_RULE_HK,,TRUE,Confidential,BINARY(16),MD5 checksum of the name of this table,,,,,,,,
SAT_RDS_PRODCT_RSK_TYP_TBL,core,PROJECT_ID,,TRUE,Confidential,VARCHAR(20),,,,,,,,,
SAT_RDS_PRODCT_RSK_TYP_TBL,core,ACTION_IND,,TRUE,Confidential,VARCHAR(1),,,,,,,,,
SAT_RDS_PRODCT_RSK_TYP_TBL,core,LOB_CD,,TRUE,Confidential,VARCHAR(3),,,,,,,,,
SAT_RDS_PRODCT_RSK_TYP_TBL,core,RISK_STATE_CD,,TRUE,Confidential,VARCHAR(3),,,,,,,,,
SAT_RDS_PRODCT_RSK_TYP_TBL,core,MASTER_COMPANY_NBR,,TRUE,Confidential,VARCHAR(2),,,,,,,,,
SAT_RDS_PRODCT_RSK_TYP_TBL,core,EFFECTIVE_DT,,TRUE,Confidential,DATE,,,,,,,,,
SAT_RDS_PRODCT_RSK_TYP_TBL,core,EXPIRATION_DT,,TRUE,Confidential,DATE,,,,,,,,,
SAT_RDS_PRODCT_RSK_TYP_TBL,core,PRODUCT_NM,,TRUE,Confidential,VARCHAR(15),,,,,,,,,
SAT_RDS_PRODCT_RSK_TYP_TBL,core,INS_RISK_TYPE_NM,,TRUE,Confidential,VARCHAR(25),,,,,,,,,
SAT_BR_COVERAGE_REF_COV_DED_LIT,core,LOAD_TIMESTAMP,CURRENT_TIMESTAMP(),FALSE,Confidential,TIMESTAMP,Set to system date and time at load.,,,,,,,,
SAT_BR_COVERAGE_REF_COV_DED_LIT,core,DEDUCTIBLE_DESCRIPTION,,TRUE,Confidential,VARCHAR(200),,,,,,,,,
SAT_BR_COVERAGE_REF_COV_DED_LIT,core,HASHDIFF,,FALSE,Confidential,BINARY(16),,,,,,,,,
SAT_BR_COVERAGE_REF_COV_DED_LIT,core,EFFECTIVE_TIMESTAMP,,FALSE,Confidential,TIMESTAMP,,,,,,,,,
SAT_BR_COVERAGE_REF_COV_DED_LIT,core,RECORD_SOURCE,'PEAK',TRUE,Confidential,VARCHAR(100),'PEAK',,,,,,,,
SAT_BR_COVERAGE_REF_COV_DED_LIT,core,COVERAGE_HK,,TRUE,Confidential,BINARY(16),,,,,,,,,
SAT_BR_POLICY_HAS_POLICY_TRANSACTION_REF_PRODCT_RSK_TYP_TBL,core,LOAD_TIMESTAMP,CURRENT_TIMESTAMP(),FALSE,Confidential,TIMESTAMP,Set to system date and time at load.,,,,,,,,
SAT_BR_POLICY_HAS_POLICY_TRANSACTION_REF_PRODCT_RSK_TYP_TBL,core,RISK_TYPE,,TRUE,Confidential,VARCHAR(200),,,,,,,,,
SAT_BR_POLICY_HAS_POLICY_TRANSACTION_REF_PRODCT_RSK_TYP_TBL,core,EFFECTIVE_TIMESTAMP,,FALSE,Confidential,TIMESTAMP,,EFFECTIVEDATE,DATE,TRANSACTION,PEAK_POLICY_CONFORMED,,WH_DBTVAULT_1,PEAK_POLICY_CONFORMED,Relational
SAT_BR_POLICY_HAS_POLICY_TRANSACTION_REF_PRODCT_RSK_TYP_TBL,core,HASHDIFF,,FALSE,Confidential,BINARY(16),,,,,,,,,
SAT_BR_POLICY_HAS_POLICY_TRANSACTION_REF_PRODCT_RSK_TYP_TBL,core,RECORD_SOURCE,'PEAK',TRUE,Confidential,VARCHAR(100),'PEAK',,,,,,,,
SAT_BR_POLICY_HAS_POLICY_TRANSACTION_REF_PRODCT_RSK_TYP_TBL,core,POLICY_HAS_POLICY_TRANSACTION_HK,,TRUE,Confidential,BINARY(16),,,,,,,,,
SAT_PEAK_VEHICLE_PII,core,HASHDIFF,,FALSE,Confidential,BINARY(16),,,,,,,,,
SAT_PEAK_VEHICLE_PII,core,EFFECTIVE_TIMESTAMP,,FALSE,Confidential,TIMESTAMP," Convert to timestamp with hour, minute and second set to 0.",EFFECTIVEDATE,DATE,VEHICLE,PEAK_POLICY_CONFORMED,,WH_DBTVAULT_1,PEAK_POLICY_CONFORMED,Relational
SAT_PEAK_VEHICLE_PII,core,LOAD_TIMESTAMP,CURRENT_TIMESTAMP(),FALSE,Confidential,TIMESTAMP,Set to system date and time at load.,,,,,,,,
SAT_PEAK_VEHICLE_PII,core,RECORD_SOURCE,'PEAK',TRUE,Confidential,VARCHAR(100),'PEAK',,,,,,,,
SAT_PEAK_VEHICLE_PII,core,REPLACEDVIN,,TRUE,Restricted General - PII Partial,VARCHAR(16777216),,,,,,,,,
SAT_PEAK_VEHICLE_PII,core,POLICY_TRANSACTION_INSURES_VEHICLE_HK,,TRUE,Confidential,BINARY(16),,,,,,,,,
SAT_BR_COVERAGE_REF_COV_LIMIT_LIT,core,LOAD_TIMESTAMP,CURRENT_TIMESTAMP(),FALSE,Confidential,TIMESTAMP,Set to system date and time at load.,,,,,,,,
SAT_BR_COVERAGE_REF_COV_LIMIT_LIT,core,LIMIT_DESCRIPTION,,TRUE,Confidential,VARCHAR(200),,,,,,,,,
SAT_BR_COVERAGE_REF_COV_LIMIT_LIT,core,HASHDIFF,,FALSE,Confidential,BINARY(16),,,,,,,,,
SAT_BR_COVERAGE_REF_COV_LIMIT_LIT,core,EFFECTIVE_TIMESTAMP,,FALSE,Confidential,TIMESTAMP,,,,,,,,,
SAT_BR_COVERAGE_REF_COV_LIMIT_LIT,core,RECORD_SOURCE,'PEAK',TRUE,Confidential,VARCHAR(100),'PEAK',,,,,,,,
SAT_BR_COVERAGE_REF_COV_LIMIT_LIT,core,COVERAGE_HK,,TRUE,Confidential,BINARY(16),,,,,,,,,
SAT_BR_COVERAGE_REF_COV_MNEMONICS,core,LOAD_TIMESTAMP,CURRENT_TIMESTAMP(),FALSE,Confidential,TIMESTAMP,Set to system date and time at load.,,,,,,,,
SAT_BR_COVERAGE_REF_COV_MNEMONICS,core,COVERAGE_DESCRIPTION,,TRUE,Confidential,VARCHAR(200),,,,,,,,,
SAT_BR_COVERAGE_REF_COV_MNEMONICS,core,HASHDIFF,,FALSE,Confidential,BINARY(16),,,,,,,,,
SAT_BR_COVERAGE_REF_COV_MNEMONICS,core,EFFECTIVE_TIMESTAMP,,FALSE,Confidential,TIMESTAMP,,,,,,,,,
SAT_BR_COVERAGE_REF_COV_MNEMONICS,core,RECORD_SOURCE,'PEAK',TRUE,Confidential,VARCHAR(100),'PEAK',,,,,,,,
SAT_BR_COVERAGE_REF_COV_MNEMONICS,core,COVERAGE_HK,,TRUE,Confidential,BINARY(16),,,,,,,,,
SAT_BR_POLICY_HAS_POLICY_TRANSACTION_RISK_SEGMENT,core,LOAD_TIMESTAMP,CURRENT_TIMESTAMP(),FALSE,Confidential,TIMESTAMP,Set to system date and time at load.,,,,,,,,
SAT_BR_POLICY_HAS_POLICY_TRANSACTION_RISK_SEGMENT,core,RISK_SEGMENT,,TRUE,Confidential,VARCHAR(32),,,,,,,,,
SAT_BR_POLICY_HAS_POLICY_TRANSACTION_RISK_SEGMENT,core,EFFECTIVE_TIMESTAMP,,FALSE,Confidential,TIMESTAMP,,EFFECTIVEDATE,DATE,TRANSACTION,PEAK_POLICY_CONFORMED,,WH_DBTVAULT_1,PEAK_POLICY_CONFORMED,Relational
SAT_BR_POLICY_HAS_POLICY_TRANSACTION_RISK_SEGMENT,core,HASHDIFF,,FALSE,Confidential,BINARY(16),,,,,,,,,
SAT_BR_POLICY_HAS_POLICY_TRANSACTION_RISK_SEGMENT,core,RECORD_SOURCE,'PEAK',TRUE,Confidential,VARCHAR(100),'PEAK',,,,,,,,
SAT_BR_POLICY_HAS_POLICY_TRANSACTION_RISK_SEGMENT,core,POLICY_HAS_POLICY_TRANSACTION_HK,,TRUE,Confidential,BINARY(16),,,,,,,,,
SAT_BR_POLICY_HAS_POLICY_TRANSACTION_RATING_STRUCTURE,core,LOAD_TIMESTAMP,CURRENT_TIMESTAMP(),FALSE,Confidential,TIMESTAMP,Set to system date and time at load.,,,,,,,,
SAT_BR_POLICY_HAS_POLICY_TRANSACTION_RATING_STRUCTURE,core,RATING_STRUCTURE,,TRUE,Confidential,VARCHAR(32),,,,,,,,,
SAT_BR_POLICY_HAS_POLICY_TRANSACTION_RATING_STRUCTURE,core,EFFECTIVE_TIMESTAMP,,FALSE,Confidential,TIMESTAMP,,EFFECTIVEDATE,DATE,TRANSACTION,PEAK_POLICY_CONFORMED,,WH_DBTVAULT_1,PEAK_POLICY_CONFORMED,Relational
SAT_BR_POLICY_HAS_POLICY_TRANSACTION_RATING_STRUCTURE,core,HASHDIFF,,FALSE,Confidential,BINARY(16),,,,,,,,,
SAT_BR_POLICY_HAS_POLICY_TRANSACTION_RATING_STRUCTURE,core,RECORD_SOURCE,'PEAK',TRUE,Confidential,VARCHAR(100),'PEAK',,,,,,,,
SAT_BR_POLICY_HAS_POLICY_TRANSACTION_RATING_STRUCTURE,core,POLICY_HAS_POLICY_TRANSACTION_HK,,TRUE,Confidential,BINARY(16),,,,,,,,,
HUB_RISK,core,RISK_HK,,TRUE,Confidential,BINARY(16),MD5 checksum of source ,RISK_ID,VARCHAR(16777216),VEHICLE,PEAK_POLICY_CONFORMED,,WH_DBTVAULT_1,PEAK_POLICY_CONFORMED,Relational
HUB_RISK,core,RISK_NK,,TRUE,Confidential,VARCHAR(100),Pass through.,RISK_ID,VARCHAR(16777216),VEHICLE,PEAK_POLICY_CONFORMED,,WH_DBTVAULT_1,PEAK_POLICY_CONFORMED,Relational
HUB_RISK,core,LOAD_TIMESTAMP,,TRUE,Confidential,TIMESTAMP,,,,,,,,,
HUB_RISK,core,RECORD_SOURCE,,TRUE,Confidential,VARCHAR(100),,,,,,,,,
LNK_POLICY_TRANSACTION_HAS_POLICY_TRANSACTION,core,POLICY_TRANSACTION_HAS_POLICY_TRANSACTION_HK,,TRUE,Confidential,BINARY(16),"MD5 of TRANSSCTION_HK, RELATED_TRANSACTION_HK",,,,,,,,
LNK_POLICY_TRANSACTION_HAS_POLICY_TRANSACTION,core,TRANSACTION_HK,,TRUE,Confidential,BINARY(16),,POLICYREADONLYHISTORYID,VARCHAR(16777216),TRANSACTION,PEAK_POLICY_CONFORMED,,WH_DBTVAULT_1,PEAK_POLICY_CONFORMED,Relational
LNK_POLICY_TRANSACTION_HAS_POLICY_TRANSACTION,core,RELATED_TRANSACTION_HK,,TRUE,Confidential,BINARY(16),,HISTORYID,"NUMBER(38,0)",TRANSACTION,PEAK_POLICY_CONFORMED,,WH_DBTVAULT_1,PEAK_POLICY_CONFORMED,Relational
LNK_POLICY_TRANSACTION_HAS_POLICY_TRANSACTION,core,LOAD_TIMESTAMP,,TRUE,Confidential,TIMESTAMP,,,,,,,,,
LNK_POLICY_TRANSACTION_HAS_POLICY_TRANSACTION,core,RECORD_SOURCE,,TRUE,Confidential,VARCHAR(100),,,,,,,,,
